[{"model": "auth.permission", "pk": 1, "fields": {"name": "Can add log entry", "content_type": 1, "codename": "add_logentry"}}, {"model": "auth.permission", "pk": 2, "fields": {"name": "Can change log entry", "content_type": 1, "codename": "change_logentry"}}, {"model": "auth.permission", "pk": 3, "fields": {"name": "Can delete log entry", "content_type": 1, "codename": "delete_logentry"}}, {"model": "auth.permission", "pk": 4, "fields": {"name": "Can view log entry", "content_type": 1, "codename": "view_logentry"}}, {"model": "auth.permission", "pk": 5, "fields": {"name": "Can add permission", "content_type": 2, "codename": "add_permission"}}, {"model": "auth.permission", "pk": 6, "fields": {"name": "Can change permission", "content_type": 2, "codename": "change_permission"}}, {"model": "auth.permission", "pk": 7, "fields": {"name": "Can delete permission", "content_type": 2, "codename": "delete_permission"}}, {"model": "auth.permission", "pk": 8, "fields": {"name": "Can view permission", "content_type": 2, "codename": "view_permission"}}, {"model": "auth.permission", "pk": 9, "fields": {"name": "Can add group", "content_type": 3, "codename": "add_group"}}, {"model": "auth.permission", "pk": 10, "fields": {"name": "Can change group", "content_type": 3, "codename": "change_group"}}, {"model": "auth.permission", "pk": 11, "fields": {"name": "Can delete group", "content_type": 3, "codename": "delete_group"}}, {"model": "auth.permission", "pk": 12, "fields": {"name": "Can view group", "content_type": 3, "codename": "view_group"}}, {"model": "auth.permission", "pk": 13, "fields": {"name": "Can add content type", "content_type": 4, "codename": "add_contenttype"}}, {"model": "auth.permission", "pk": 14, "fields": {"name": "Can change content type", "content_type": 4, "codename": "change_contenttype"}}, {"model": "auth.permission", "pk": 15, "fields": {"name": "Can delete content type", "content_type": 4, "codename": "delete_contenttype"}}, {"model": "auth.permission", "pk": 16, "fields": {"name": "Can view content type", "content_type": 4, "codename": "view_contenttype"}}, {"model": "auth.permission", "pk": 17, "fields": {"name": "Can add session", "content_type": 5, "codename": "add_session"}}, {"model": "auth.permission", "pk": 18, "fields": {"name": "Can change session", "content_type": 5, "codename": "change_session"}}, {"model": "auth.permission", "pk": 19, "fields": {"name": "Can delete session", "content_type": 5, "codename": "delete_session"}}, {"model": "auth.permission", "pk": 20, "fields": {"name": "Can view session", "content_type": 5, "codename": "view_session"}}, {"model": "auth.permission", "pk": 21, "fields": {"name": "Can add user", "content_type": 6, "codename": "add_user"}}, {"model": "auth.permission", "pk": 22, "fields": {"name": "Can change user", "content_type": 6, "codename": "change_user"}}, {"model": "auth.permission", "pk": 23, "fields": {"name": "Can delete user", "content_type": 6, "codename": "delete_user"}}, {"model": "auth.permission", "pk": 24, "fields": {"name": "Can view user", "content_type": 6, "codename": "view_user"}}, {"model": "auth.permission", "pk": 25, "fields": {"name": "Can add comuna", "content_type": 7, "codename": "add_comuna"}}, {"model": "auth.permission", "pk": 26, "fields": {"name": "Can change comuna", "content_type": 7, "codename": "change_comuna"}}, {"model": "auth.permission", "pk": 27, "fields": {"name": "Can delete comuna", "content_type": 7, "codename": "delete_comuna"}}, {"model": "auth.permission", "pk": 28, "fields": {"name": "Can view comuna", "content_type": 7, "codename": "view_comuna"}}, {"model": "auth.permission", "pk": 29, "fields": {"name": "Can add provincia", "content_type": 8, "codename": "add_provincia"}}, {"model": "auth.permission", "pk": 30, "fields": {"name": "Can change provincia", "content_type": 8, "codename": "change_provincia"}}, {"model": "auth.permission", "pk": 31, "fields": {"name": "Can delete provincia", "content_type": 8, "codename": "delete_provincia"}}, {"model": "auth.permission", "pk": 32, "fields": {"name": "Can view provincia", "content_type": 8, "codename": "view_provincia"}}, {"model": "auth.permission", "pk": 33, "fields": {"name": "Can add region", "content_type": 9, "codename": "add_region"}}, {"model": "auth.permission", "pk": 34, "fields": {"name": "Can change region", "content_type": 9, "codename": "change_region"}}, {"model": "auth.permission", "pk": 35, "fields": {"name": "Can delete region", "content_type": 9, "codename": "delete_region"}}, {"model": "auth.permission", "pk": 36, "fields": {"name": "Can view region", "content_type": 9, "codename": "view_region"}}, {"model": "auth.permission", "pk": 37, "fields": {"name": "Can add comuna", "content_type": 10, "codename": "add_comuna"}}, {"model": "auth.permission", "pk": 38, "fields": {"name": "Can change comuna", "content_type": 10, "codename": "change_comuna"}}, {"model": "auth.permission", "pk": 39, "fields": {"name": "Can delete comuna", "content_type": 10, "codename": "delete_comuna"}}, {"model": "auth.permission", "pk": 40, "fields": {"name": "Can view comuna", "content_type": 10, "codename": "view_comuna"}}, {"model": "auth.permission", "pk": 41, "fields": {"name": "Can add provincia", "content_type": 11, "codename": "add_provincia"}}, {"model": "auth.permission", "pk": 42, "fields": {"name": "Can change provincia", "content_type": 11, "codename": "change_provincia"}}, {"model": "auth.permission", "pk": 43, "fields": {"name": "Can delete provincia", "content_type": 11, "codename": "delete_provincia"}}, {"model": "auth.permission", "pk": 44, "fields": {"name": "Can view provincia", "content_type": 11, "codename": "view_provincia"}}, {"model": "auth.permission", "pk": 45, "fields": {"name": "Can add region", "content_type": 12, "codename": "add_region"}}, {"model": "auth.permission", "pk": 46, "fields": {"name": "Can change region", "content_type": 12, "codename": "change_region"}}, {"model": "auth.permission", "pk": 47, "fields": {"name": "Can delete region", "content_type": 12, "codename": "delete_region"}}, {"model": "auth.permission", "pk": 48, "fields": {"name": "Can view region", "content_type": 12, "codename": "view_region"}}, {"model": "auth.permission", "pk": 49, "fields": {"name": "Can add conductores", "content_type": 13, "codename": "add_conductores"}}, {"model": "auth.permission", "pk": 50, "fields": {"name": "Can change conductores", "content_type": 13, "codename": "change_conductores"}}, {"model": "auth.permission", "pk": 51, "fields": {"name": "Can delete conductores", "content_type": 13, "codename": "delete_conductores"}}, {"model": "auth.permission", "pk": 52, "fields": {"name": "Can view conductores", "content_type": 13, "codename": "view_conductores"}}, {"model": "auth.permission", "pk": 53, "fields": {"name": "Can add regiones", "content_type": 14, "codename": "add_regiones"}}, {"model": "auth.permission", "pk": 54, "fields": {"name": "Can change regiones", "content_type": 14, "codename": "change_regiones"}}, {"model": "auth.permission", "pk": 55, "fields": {"name": "Can delete regiones", "content_type": 14, "codename": "delete_regiones"}}, {"model": "auth.permission", "pk": 56, "fields": {"name": "Can view regiones", "content_type": 14, "codename": "view_regiones"}}, {"model": "auth.permission", "pk": 57, "fields": {"name": "Can add provincias", "content_type": 15, "codename": "add_provincias"}}, {"model": "auth.permission", "pk": 58, "fields": {"name": "Can change provincias", "content_type": 15, "codename": "change_provincias"}}, {"model": "auth.permission", "pk": 59, "fields": {"name": "Can delete provincias", "content_type": 15, "codename": "delete_provincias"}}, {"model": "auth.permission", "pk": 60, "fields": {"name": "Can view provincias", "content_type": 15, "codename": "view_provincias"}}, {"model": "auth.permission", "pk": 61, "fields": {"name": "Can add comunas", "content_type": 16, "codename": "add_comunas"}}, {"model": "auth.permission", "pk": 62, "fields": {"name": "Can change comunas", "content_type": 16, "codename": "change_comunas"}}, {"model": "auth.permission", "pk": 63, "fields": {"name": "Can delete comunas", "content_type": 16, "codename": "delete_comunas"}}, {"model": "auth.permission", "pk": 64, "fields": {"name": "Can view comunas", "content_type": 16, "codename": "view_comunas"}}, {"model": "auth.permission", "pk": 65, "fields": {"name": "Can add vehiculos", "content_type": 17, "codename": "add_vehiculos"}}, {"model": "auth.permission", "pk": 66, "fields": {"name": "Can change vehiculos", "content_type": 17, "codename": "change_vehiculos"}}, {"model": "auth.permission", "pk": 67, "fields": {"name": "Can delete vehiculos", "content_type": 17, "codename": "delete_vehiculos"}}, {"model": "auth.permission", "pk": 68, "fields": {"name": "Can view vehiculos", "content_type": 17, "codename": "view_vehiculos"}}, {"model": "auth.permission", "pk": 69, "fields": {"name": "Can add propietarios", "content_type": 18, "codename": "add_propietarios"}}, {"model": "auth.permission", "pk": 70, "fields": {"name": "Can change propietarios", "content_type": 18, "codename": "change_propietarios"}}, {"model": "auth.permission", "pk": 71, "fields": {"name": "Can delete propietarios", "content_type": 18, "codename": "delete_propietarios"}}, {"model": "auth.permission", "pk": 72, "fields": {"name": "Can view propietarios", "content_type": 18, "codename": "view_propietarios"}}, {"model": "auth.permission", "pk": 73, "fields": {"name": "Can add terminales", "content_type": 19, "codename": "add_terminales"}}, {"model": "auth.permission", "pk": 74, "fields": {"name": "Can change terminales", "content_type": 19, "codename": "change_terminales"}}, {"model": "auth.permission", "pk": 75, "fields": {"name": "Can delete terminales", "content_type": 19, "codename": "delete_terminales"}}, {"model": "auth.permission", "pk": 76, "fields": {"name": "Can view terminales", "content_type": 19, "codename": "view_terminales"}}, {"model": "auth.permission", "pk": 77, "fields": {"name": "Can add sucursal", "content_type": 19, "codename": "add_sucursal"}}, {"model": "auth.permission", "pk": 78, "fields": {"name": "Can change sucursal", "content_type": 19, "codename": "change_sucursal"}}, {"model": "auth.permission", "pk": 79, "fields": {"name": "Can delete sucursal", "content_type": 19, "codename": "delete_sucursal"}}, {"model": "auth.permission", "pk": 80, "fields": {"name": "Can view sucursal", "content_type": 19, "codename": "view_sucursal"}}, {"model": "auth.permission", "pk": 81, "fields": {"name": "Can add auxiliar", "content_type": 20, "codename": "add_auxiliar"}}, {"model": "auth.permission", "pk": 82, "fields": {"name": "Can change auxiliar", "content_type": 20, "codename": "change_auxiliar"}}, {"model": "auth.permission", "pk": 83, "fields": {"name": "Can delete auxiliar", "content_type": 20, "codename": "delete_auxiliar"}}, {"model": "auth.permission", "pk": 84, "fields": {"name": "Can view auxiliar", "content_type": 20, "codename": "view_auxiliar"}}, {"model": "auth.permission", "pk": 85, "fields": {"name": "Can add recorrido", "content_type": 21, "codename": "add_recorrido"}}, {"model": "auth.permission", "pk": 86, "fields": {"name": "Can change recorrido", "content_type": 21, "codename": "change_recorrido"}}, {"model": "auth.permission", "pk": 87, "fields": {"name": "Can delete recorrido", "content_type": 21, "codename": "delete_recorrido"}}, {"model": "auth.permission", "pk": 88, "fields": {"name": "Can view recorrido", "content_type": 21, "codename": "view_recorrido"}}, {"model": "auth.permission", "pk": 89, "fields": {"name": "Can add despacho", "content_type": 22, "codename": "add_despacho"}}, {"model": "auth.permission", "pk": 90, "fields": {"name": "Can change despacho", "content_type": 22, "codename": "change_despacho"}}, {"model": "auth.permission", "pk": 91, "fields": {"name": "Can delete despacho", "content_type": 22, "codename": "delete_despacho"}}, {"model": "auth.permission", "pk": 92, "fields": {"name": "Can view despacho", "content_type": 22, "codename": "view_despacho"}}, {"model": "auth.permission", "pk": 93, "fields": {"name": "Can add pago_planilla", "content_type": 23, "codename": "add_pago_planilla"}}, {"model": "auth.permission", "pk": 94, "fields": {"name": "Can change pago_planilla", "content_type": 23, "codename": "change_pago_planilla"}}, {"model": "auth.permission", "pk": 95, "fields": {"name": "Can delete pago_planilla", "content_type": 23, "codename": "delete_pago_planilla"}}, {"model": "auth.permission", "pk": 96, "fields": {"name": "Can view pago_planilla", "content_type": 23, "codename": "view_pago_planilla"}}, {"model": "auth.permission", "pk": 97, "fields": {"name": "Can add tipo_pago", "content_type": 24, "codename": "add_tipo_pago"}}, {"model": "auth.permission", "pk": 98, "fields": {"name": "Can change tipo_pago", "content_type": 24, "codename": "change_tipo_pago"}}, {"model": "auth.permission", "pk": 99, "fields": {"name": "Can delete tipo_pago", "content_type": 24, "codename": "delete_tipo_pago"}}, {"model": "auth.permission", "pk": 100, "fields": {"name": "Can view tipo_pago", "content_type": 24, "codename": "view_tipo_pago"}}, {"model": "auth.permission", "pk": 101, "fields": {"name": "Can add planilla", "content_type": 25, "codename": "add_planilla"}}, {"model": "auth.permission", "pk": 102, "fields": {"name": "Can change planilla", "content_type": 25, "codename": "change_planilla"}}, {"model": "auth.permission", "pk": 103, "fields": {"name": "Can delete planilla", "content_type": 25, "codename": "delete_planilla"}}, {"model": "auth.permission", "pk": 104, "fields": {"name": "Can view planilla", "content_type": 25, "codename": "view_planilla"}}, {"model": "auth.permission", "pk": 105, "fields": {"name": "Can add conductor", "content_type": 13, "codename": "add_conductor"}}, {"model": "auth.permission", "pk": 106, "fields": {"name": "Can change conductor", "content_type": 13, "codename": "change_conductor"}}, {"model": "auth.permission", "pk": 107, "fields": {"name": "Can delete conductor", "content_type": 13, "codename": "delete_conductor"}}, {"model": "auth.permission", "pk": 108, "fields": {"name": "Can view conductor", "content_type": 13, "codename": "view_conductor"}}, {"model": "auth.permission", "pk": 109, "fields": {"name": "Can add vehiculo", "content_type": 17, "codename": "add_vehiculo"}}, {"model": "auth.permission", "pk": 110, "fields": {"name": "Can change vehiculo", "content_type": 17, "codename": "change_vehiculo"}}, {"model": "auth.permission", "pk": 111, "fields": {"name": "Can delete vehiculo", "content_type": 17, "codename": "delete_vehiculo"}}, {"model": "auth.permission", "pk": 112, "fields": {"name": "Can view vehiculo", "content_type": 17, "codename": "view_vehiculo"}}, {"model": "auth.permission", "pk": 113, "fields": {"name": "Can add propietario", "content_type": 18, "codename": "add_propietario"}}, {"model": "auth.permission", "pk": 114, "fields": {"name": "Can change propietario", "content_type": 18, "codename": "change_propietario"}}, {"model": "auth.permission", "pk": 115, "fields": {"name": "Can delete propietario", "content_type": 18, "codename": "delete_propietario"}}, {"model": "auth.permission", "pk": 116, "fields": {"name": "Can view propietario", "content_type": 18, "codename": "view_propietario"}}, {"model": "auth.permission", "pk": 117, "fields": {"name": "Can add servicio", "content_type": 21, "codename": "add_servicio"}}, {"model": "auth.permission", "pk": 118, "fields": {"name": "Can change servicio", "content_type": 21, "codename": "change_servicio"}}, {"model": "auth.permission", "pk": 119, "fields": {"name": "Can delete servicio", "content_type": 21, "codename": "delete_servicio"}}, {"model": "auth.permission", "pk": 120, "fields": {"name": "Can view servicio", "content_type": 21, "codename": "view_servicio"}}, {"model": "auth.permission", "pk": 121, "fields": {"name": "Can add constance", "content_type": 26, "codename": "add_constance"}}, {"model": "auth.permission", "pk": 122, "fields": {"name": "Can change constance", "content_type": 26, "codename": "change_constance"}}, {"model": "auth.permission", "pk": 123, "fields": {"name": "Can delete constance", "content_type": 26, "codename": "delete_constance"}}, {"model": "auth.permission", "pk": 124, "fields": {"name": "Can view constance", "content_type": 26, "codename": "view_constance"}}, {"model": "auth.permission", "pk": 125, "fields": {"name": "Can change config", "content_type": 27, "codename": "change_config"}}, {"model": "auth.permission", "pk": 126, "fields": {"name": "Can view config", "content_type": 27, "codename": "view_config"}}, {"model": "auth.permission", "pk": 127, "fields": {"name": "Can add rendicion_cuentas", "content_type": 28, "codename": "add_rendicion_cuentas"}}, {"model": "auth.permission", "pk": 128, "fields": {"name": "Can change rendicion_cuentas", "content_type": 28, "codename": "change_rendicion_cuentas"}}, {"model": "auth.permission", "pk": 129, "fields": {"name": "Can delete rendicion_cuentas", "content_type": 28, "codename": "delete_rendicion_cuentas"}}, {"model": "auth.permission", "pk": 130, "fields": {"name": "Can view rendicion_cuentas", "content_type": 28, "codename": "view_rendicion_cuentas"}}, {"model": "contenttypes.contenttype", "pk": 1, "fields": {"app_label": "admin", "model": "logentry"}}, {"model": "contenttypes.contenttype", "pk": 2, "fields": {"app_label": "auth", "model": "permission"}}, {"model": "contenttypes.contenttype", "pk": 3, "fields": {"app_label": "auth", "model": "group"}}, {"model": "contenttypes.contenttype", "pk": 4, "fields": {"app_label": "contenttypes", "model": "contenttype"}}, {"model": "contenttypes.contenttype", "pk": 5, "fields": {"app_label": "sessions", "model": "session"}}, {"model": "contenttypes.contenttype", "pk": 6, "fields": {"app_label": "cuenta", "model": "user"}}, {"model": "contenttypes.contenttype", "pk": 7, "fields": {"app_label": "dpa_chile", "model": "comuna"}}, {"model": "contenttypes.contenttype", "pk": 8, "fields": {"app_label": "dpa_chile", "model": "provincia"}}, {"model": "contenttypes.contenttype", "pk": 9, "fields": {"app_label": "dpa_chile", "model": "region"}}, {"model": "contenttypes.contenttype", "pk": 10, "fields": {"app_label": "app", "model": "comuna"}}, {"model": "contenttypes.contenttype", "pk": 11, "fields": {"app_label": "app", "model": "provincia"}}, {"model": "contenttypes.contenttype", "pk": 12, "fields": {"app_label": "app", "model": "region"}}, {"model": "contenttypes.contenttype", "pk": 13, "fields": {"app_label": "conductores", "model": "conductor"}}, {"model": "contenttypes.contenttype", "pk": 14, "fields": {"app_label": "app", "model": "regiones"}}, {"model": "contenttypes.contenttype", "pk": 15, "fields": {"app_label": "app", "model": "provincias"}}, {"model": "contenttypes.contenttype", "pk": 16, "fields": {"app_label": "app", "model": "comunas"}}, {"model": "contenttypes.contenttype", "pk": 17, "fields": {"app_label": "buses", "model": "vehiculo"}}, {"model": "contenttypes.contenttype", "pk": 18, "fields": {"app_label": "propietarios", "model": "propietario"}}, {"model": "contenttypes.contenttype", "pk": 19, "fields": {"app_label": "app", "model": "sucursal"}}, {"model": "contenttypes.contenttype", "pk": 20, "fields": {"app_label": "conductores", "model": "auxiliar"}}, {"model": "contenttypes.contenttype", "pk": 21, "fields": {"app_label": "recorridos", "model": "servicio"}}, {"model": "contenttypes.contenttype", "pk": 22, "fields": {"app_label": "recorridos", "model": "despacho"}}, {"model": "contenttypes.contenttype", "pk": 23, "fields": {"app_label": "recorridos", "model": "pago_planilla"}}, {"model": "contenttypes.contenttype", "pk": 24, "fields": {"app_label": "recorridos", "model": "tipo_pago"}}, {"model": "contenttypes.contenttype", "pk": 25, "fields": {"app_label": "recorridos", "model": "planilla"}}, {"model": "contenttypes.contenttype", "pk": 26, "fields": {"app_label": "database", "model": "constance"}}, {"model": "contenttypes.contenttype", "pk": 27, "fields": {"app_label": "constance", "model": "config"}}, {"model": "contenttypes.contenttype", "pk": 28, "fields": {"app_label": "contabilidad", "model": "rendicion_cuentas"}}, {"model": "sessions.session", "pk": "0ias0lruat5b655tnirz471qhfc09sqi", "fields": {"session_data": ".eJxVzMsOwiAUBNB_YW0Ir_Jw6b7fQC5wkaqBpLQr479Lky50O3Nm3sTDvhW_d1z9ksiVCHL5zQLEJ9ajSA-o90Zjq9u6BHoQeradzi3h63bav4MCvYw1Ts5FkUXIjkfgMmjFQGUmlJAJtJYD2CyMMtkGNmQCdFZKrpPGyWjy-QLjMzew:1nAZqn:oz2cvMZIgCrNa3Vh3nj4w8GlAvDUZCnvGmDeoHGOj0E", "expire_date": "2022-02-03T15:59:49.093Z"}}, {"model": "sessions.session", "pk": "1p3yu43qte3fkh9c5u26x7px4llmje4b", "fields": {"session_data": ".eJxVzMsOwiAUBNB_YW0Ir_Jw6b7fQC5wkaqBpLQr479Lky50O3Nm3sTDvhW_d1z9ksiVCHL5zQLEJ9ajSA-o90Zjq9u6BHoQeradzi3h63bav4MCvYw1Ts5FkUXIjkfgMmjFQGUmlJAJtJYD2CyMMtkGNmQCdFZKrpPGyWjy-QLjMzew:1lYVAi:gBwSem1W8VeMobLGBFiCq8fUKiUwAtgGZ_-jcFo1HnY", "expire_date": "2021-05-03T14:46:44.951Z"}}, {"model": "sessions.session", "pk": "2qbat19tb3sd498eimlch1jxq0rdamw1", "fields": {"session_data": ".eJxVzMsOwiAUBNB_YW0Ir_Jw6b7fQC5wkaqBpLQr479Lky50O3Nm3sTDvhW_d1z9ksiVCHL5zQLEJ9ajSA-o90Zjq9u6BHoQeradzi3h63bav4MCvYw1Ts5FkUXIjkfgMmjFQGUmlJAJtJYD2CyMMtkGNmQCdFZKrpPGyWjy-QLjMzew:1n0PHv:FAmwrOIxKh8bcI1KFxuqIdk0fP7_K2fknYWN_T9bhwY", "expire_date": "2022-01-06T14:41:47.401Z"}}, {"model": "sessions.session", "pk": "5jg0o4hke0dllgwjb88eivlu0k0ozmnn", "fields": {"session_data": ".eJxVzMsOwiAUBNB_YW0Ir_Jw6b7fQC5wkaqBpLQr479Lky50O3Nm3sTDvhW_d1z9ksiVCHL5zQLEJ9ajSA-o90Zjq9u6BHoQeradzi3h63bav4MCvYw1Ts5FkUXIjkfgMmjFQGUmlJAJtJYD2CyMMtkGNmQCdFZKrpPGyWjy-QLjMzew:1mAxz0:ssrQKj41AMdVlNyv7orImB7BnhRzAXdjnsvh5yrhJAg", "expire_date": "2021-08-17T17:13:38.051Z"}}, {"model": "sessions.session", "pk": "6lo02uwujyzgdq7opmpzs2yr3vszj2yo", "fields": {"session_data": ".eJxVzMsOwiAUBNB_YW0Ir_Jw6b7fQC5wkaqBpLQr479Lky50O3Nm3sTDvhW_d1z9ksiVCHL5zQLEJ9ajSA-o90Zjq9u6BHoQeradzi3h63bav4MCvYw1Ts5FkUXIjkfgMmjFQGUmlJAJtJYD2CyMMtkGNmQCdFZKrpPGyWjy-QLjMzew:1lXyUD:tbBFiWwnZtjLmHIUN9YWYtkKktptNxbih6Xif7hKnKA", "expire_date": "2021-05-02T03:52:41.418Z"}}, {"model": "sessions.session", "pk": "79qqlpxvqd9ctq557ickba06ro7yadza", "fields": {"session_data": ".eJxVzMsOwiAUBNB_YW0Ir_Jw6b7fQC5wkaqBpLQr479Lky50O3Nm3sTDvhW_d1z9ksiVCHL5zQLEJ9ajSA-o90Zjq9u6BHoQeradzi3h63bav4MCvYw1Ts5FkUXIjkfgMmjFQGUmlJAJtJYD2CyMMtkGNmQCdFZKrpPGyWjy-QLjMzew:1lWtxy:UMWZGiXy4w0kAStVJIxCylED_ADQcbUiXYFhcAPzZ5E", "expire_date": "2021-04-29T04:50:58.645Z"}}, {"model": "sessions.session", "pk": "79rll27alohxma8g90c5cjhs0tk8isjd", "fields": {"session_data": ".eJxVzMsOwiAUBNB_YW0Ir_Jw6b7fQC5wkaqBpLQr479Lky50O3Nm3sTDvhW_d1z9ksiVCHL5zQLEJ9ajSA-o90Zjq9u6BHoQeradzi3h63bav4MCvYw1Ts5FkUXIjkfgMmjFQGUmlJAJtJYD2CyMMtkGNmQCdFZKrpPGyWjy-QLjMzew:1n0PHv:FAmwrOIxKh8bcI1KFxuqIdk0fP7_K2fknYWN_T9bhwY", "expire_date": "2022-01-06T14:41:47.402Z"}}, {"model": "sessions.session", "pk": "7uwz7c5g3k67c8kvbmdjhf4kb0efnx9n", "fields": {"session_data": ".eJxVzMsOwiAUBNB_YW0Ir_Jw6b7fQC5wkaqBpLQr479Lky50O3Nm3sTDvhW_d1z9ksiVCHL5zQLEJ9ajSA-o90Zjq9u6BHoQeradzi3h63bav4MCvYw1Ts5FkUXIjkfgMmjFQGUmlJAJtJYD2CyMMtkGNmQCdFZKrpPGyWjy-QLjMzew:1lYyeV:6lzRW3bWm1sstB9PuJcjXipjaKGBrKfGHqcYAMX9Iyo", "expire_date": "2021-05-04T22:15:27.447Z"}}, {"model": "sessions.session", "pk": "8w08wxgqc16tug24qtoccxhbfr2pbjm5", "fields": {"session_data": ".eJxVzMsOwiAUBNB_YW0Ir_Jw6b7fQC5wkaqBpLQr479Lky50O3Nm3sTDvhW_d1z9ksiVCHL5zQLEJ9ajSA-o90Zjq9u6BHoQeradzi3h63bav4MCvYw1Ts5FkUXIjkfgMmjFQGUmlJAJtJYD2CyMMtkGNmQCdFZKrpPGyWjy-QLjMzew:1mpYuI:ISi08ShOw-0U26nbng173mESrHbyBdzV1C2eySUeSag", "expire_date": "2021-12-07T16:44:34.407Z"}}, {"model": "sessions.session", "pk": "9zfc5papqpsui7idv28w9o6jpix3vsxt", "fields": {"session_data": "e30:1lVJJP:HgZdY88uEFjeGt31jkaXGIXYyevp75EmLDzAxUA59YM", "expire_date": "2021-04-24T19:30:31.278Z"}}, {"model": "sessions.session", "pk": "ayjb5u32rtmdhokjy0884nr0qqopjl4c", "fields": {"session_data": ".eJxVzMsOwiAUBNB_YW0Ir_Jw6b7fQC5wkaqBpLQr479Lky50O3Nm3sTDvhW_d1z9ksiVCHL5zQLEJ9ajSA-o90Zjq9u6BHoQeradzi3h63bav4MCvYw1Ts5FkUXIjkfgMmjFQGUmlJAJtJYD2CyMMtkGNmQCdFZKrpPGyWjy-QLjMzew:1lWtsh:GZh1_16BSQoyW6L5qJuKMPI06MQa9kI0QJDNDx_fWlU", "expire_date": "2021-04-29T04:45:31.095Z"}}, {"model": "sessions.session", "pk": "cxbz3r1nnlp0vcc9k5jylbuwfvm2zx8q", "fields": {"session_data": ".eJxVzMsOwiAUBNB_YW0Ir_Jw6b7fQC5wkaqBpLQr479Lky50O3Nm3sTDvhW_d1z9ksiVCHL5zQLEJ9ajSA-o90Zjq9u6BHoQeradzi3h63bav4MCvYw1Ts5FkUXIjkfgMmjFQGUmlJAJtJYD2CyMMtkGNmQCdFZKrpPGyWjy-QLjMzew:1mKjln:K8eDBVuGfj4Ftii8Y54p_l_ndLyFw4bPksLuAo-zsyE", "expire_date": "2021-09-13T16:04:23.209Z"}}, {"model": "sessions.session", "pk": "ed79j763f4ars6f57teqkfhwcyc71nrp", "fields": {"session_data": ".eJxVzMsOwiAUBNB_YW0Ir_Jw6b7fQC5wkaqBpLQr479Lky50O3Nm3sTDvhW_d1z9ksiVCHL5zQLEJ9ajSA-o90Zjq9u6BHoQeradzi3h63bav4MCvYw1Ts5FkUXIjkfgMmjFQGUmlJAJtJYD2CyMMtkGNmQCdFZKrpPGyWjy-QLjMzew:1mkSn8:ZT1hEsBDprymTV8QlvwSGMC5kcZT1bSSKTX3er-6j04", "expire_date": "2021-11-23T15:12:06.820Z"}}, {"model": "sessions.session", "pk": "gqdb7kgvrug4auji1lytmrjhkal3x4zz", "fields": {"session_data": "e30:1lVJIj:vqXlf_BuuMUaZ5Fcg878P4TSQKi4uU_Q1WAXgpWT3s0", "expire_date": "2021-04-24T19:29:49.879Z"}}, {"model": "sessions.session", "pk": "h5tvfnu3ioevfhu1gogqkv4mb6vk0d7w", "fields": {"session_data": ".eJxVzMsOwiAUBNB_YW0Ir_Jw6b7fQC5wkaqBpLQr479Lky50O3Nm3sTDvhW_d1z9ksiVCHL5zQLEJ9ajSA-o90Zjq9u6BHoQeradzi3h63bav4MCvYw1Ts5FkUXIjkfgMmjFQGUmlJAJtJYD2CyMMtkGNmQCdFZKrpPGyWjy-QLjMzew:1mvKWL:9cj5r-6eUKMqG4vWXocMqlHirJ429fF2ncsUzHCRy0U", "expire_date": "2021-12-23T14:35:41.706Z"}}, {"model": "sessions.session", "pk": "hgdy2i528x090yraz6vmtn9tm7mzgjw6", "fields": {"session_data": ".eJxVzMsOwiAUBNB_YW0Ir_Jw6b7fQC5wkaqBpLQr479Lky50O3Nm3sTDvhW_d1z9ksiVCHL5zQLEJ9ajSA-o90Zjq9u6BHoQeradzi3h63bav4MCvYw1Ts5FkUXIjkfgMmjFQGUmlJAJtJYD2CyMMtkGNmQCdFZKrpPGyWjy-QLjMzew:1mkUlt:6hXDShCJKOoJTF9QsJpaBJpoOPehFT6YE9H-K4GzcJk", "expire_date": "2021-11-23T17:18:57.786Z"}}, {"model": "sessions.session", "pk": "islit3hi1rvrq1gc4njgmwvtk8hzmirh", "fields": {"session_data": ".eJxVzMsOwiAUBNB_YW0Ir_Jw6b7fQC5wkaqBpLQr479Lky50O3Nm3sTDvhW_d1z9ksiVCHL5zQLEJ9ajSA-o90Zjq9u6BHoQeradzi3h63bav4MCvYw1Ts5FkUXIjkfgMmjFQGUmlJAJtJYD2CyMMtkGNmQCdFZKrpPGyWjy-QLjMzew:1lWtvt:b8YtGMAX9sdx8csUPuc0ELETvi_W8vybTq7KOsOB99E", "expire_date": "2021-04-29T04:48:49.380Z"}}, {"model": "sessions.session", "pk": "iyqzjqoyelz3ouebfya3zcn09dop8i29", "fields": {"session_data": ".eJxVzMsOwiAUBNB_YW0Ir_Jw6b7fQC5wkaqBpLQr479Lky50O3Nm3sTDvhW_d1z9ksiVCHL5zQLEJ9ajSA-o90Zjq9u6BHoQeradzi3h63bav4MCvYw1Ts5FkUXIjkfgMmjFQGUmlJAJtJYD2CyMMtkGNmQCdFZKrpPGyWjy-QLjMzew:1mAxz0:ssrQKj41AMdVlNyv7orImB7BnhRzAXdjnsvh5yrhJAg", "expire_date": "2021-08-17T17:13:38.053Z"}}, {"model": "sessions.session", "pk": "j14otf2p0lx6ege2agxvpol2q51pormm", "fields": {"session_data": ".eJxVzMsOwiAUBNB_YW0Ir_Jw6b7fQC5wkaqBpLQr479Lky50O3Nm3sTDvhW_d1z9ksiVCHL5zQLEJ9ajSA-o90Zjq9u6BHoQeradzi3h63bav4MCvYw1Ts5FkUXIjkfgMmjFQGUmlJAJtJYD2CyMMtkGNmQCdFZKrpPGyWjy-QLjMzew:1lXyOh:G7OClJDU-zf7ef7k-7bqkYmys9YC4iU34ehVF0k9HHg", "expire_date": "2021-05-02T03:46:59.053Z"}}, {"model": "sessions.session", "pk": "k4q9lcvrr4cb0iyd8j4x9uexvh0glwx1", "fields": {"session_data": ".eJxVzMsOwiAUBNB_YW0Ir_Jw6b7fQC5wkaqBpLQr479Lky50O3Nm3sTDvhW_d1z9ksiVCHL5zQLEJ9ajSA-o90Zjq9u6BHoQeradzi3h63bav4MCvYw1Ts5FkUXIjkfgMmjFQGUmlJAJtJYD2CyMMtkGNmQCdFZKrpPGyWjy-QLjMzew:1mNHUs:c3B4TzCzN2W2wB8nDJhlVsCtFbilvrVO_yJg51tOhAc", "expire_date": "2021-09-20T16:29:26.316Z"}}, {"model": "sessions.session", "pk": "kofpbzyabqxvxtyhd9rjc2asn7esbd1v", "fields": {"session_data": ".eJxVzMsOwiAUBNB_YW0Ir_Jw6b7fQC5wkaqBpLQr479Lky50O3Nm3sTDvhW_d1z9ksiVCHL5zQLEJ9ajSA-o90Zjq9u6BHoQeradzi3h63bav4MCvYw1Ts5FkUXIjkfgMmjFQGUmlJAJtJYD2CyMMtkGNmQCdFZKrpPGyWjy-QLjMzew:1nAZqn:oz2cvMZIgCrNa3Vh3nj4w8GlAvDUZCnvGmDeoHGOj0E", "expire_date": "2022-02-03T15:59:49.095Z"}}, {"model": "sessions.session", "pk": "kr62kpjyuoizjzorezw3gbbrk53o1sw1", "fields": {"session_data": ".eJxVzMsOwiAUBNB_YW0Ir_Jw6b7fQC5wkaqBpLQr479Lky50O3Nm3sTDvhW_d1z9ksiVCHL5zQLEJ9ajSA-o90Zjq9u6BHoQeradzi3h63bav4MCvYw1Ts5FkUXIjkfgMmjFQGUmlJAJtJYD2CyMMtkGNmQCdFZKrpPGyWjy-QLjMzew:1lYwd1:Sa3Mt3Twsf46pMcj2Ph_H9XMtYimevEsKVBPNHjgH2I", "expire_date": "2021-05-04T20:05:47.066Z"}}, {"model": "sessions.session", "pk": "n4grq1ff5dvqgn45ea0he0n8safevt8q", "fields": {"session_data": ".eJxVzMsOwiAUBNB_YW0Ir_Jw6b7fQC5wkaqBpLQr479Lky50O3Nm3sTDvhW_d1z9ksiVCHL5zQLEJ9ajSA-o90Zjq9u6BHoQeradzi3h63bav4MCvYw1Ts5FkUXIjkfgMmjFQGUmlJAJtJYD2CyMMtkGNmQCdFZKrpPGyWjy-QLjMzew:1n5U9U:7OcS3zCMttrK11cT0OJ13jQbnSjlJzNeO29riqtSQCg", "expire_date": "2022-01-20T14:54:04.467Z"}}, {"model": "sessions.session", "pk": "o71u1s8o8057ueasseeinc02v8vth6rt", "fields": {"session_data": ".eJxVzMsOwiAUBNB_YW0Ir_Jw6b7fQC5wkaqBpLQr479Lky50O3Nm3sTDvhW_d1z9ksiVCHL5zQLEJ9ajSA-o90Zjq9u6BHoQeradzi3h63bav4MCvYw1Ts5FkUXIjkfgMmjFQGUmlJAJtJYD2CyMMtkGNmQCdFZKrpPGyWjy-QLjMzew:1lYW0C:aq7K7PuwdUV5IX2mEoWYcb08sI2t2U0OAf7CLZXWeeU", "expire_date": "2021-05-03T15:39:56.131Z"}}, {"model": "sessions.session", "pk": "o7twh17f1zett12tf390ib3o7ovba8w1", "fields": {"session_data": ".eJxVzMsOwiAUBNB_YW0Ir_Jw6b7fQC5wkaqBpLQr479Lky50O3Nm3sTDvhW_d1z9ksiVCHL5zQLEJ9ajSA-o90Zjq9u6BHoQeradzi3h63bav4MCvYw1Ts5FkUXIjkfgMmjFQGUmlJAJtJYD2CyMMtkGNmQCdFZKrpPGyWjy-QLjMzew:1leRHf:GqFnlpk-la1Y8RPgPPVyngat-KB9vAV9hy6xKHbMieY", "expire_date": "2021-05-19T23:50:27.776Z"}}, {"model": "sessions.session", "pk": "ofa9q6th0no6o3g5pli4c0y22yf0acbb", "fields": {"session_data": ".eJxVzMsOwiAUBNB_YW0Ir_Jw6b7fQC5wkaqBpLQr479Lky50O3Nm3sTDvhW_d1z9ksiVCHL5zQLEJ9ajSA-o90Zjq9u6BHoQeradzi3h63bav4MCvYw1Ts5FkUXIjkfgMmjFQGUmlJAJtJYD2CyMMtkGNmQCdFZKrpPGyWjy-QLjMzew:1lXSBE:T8CCp2gzfQV4LC9HiowIaiyl7-6lCXfdo2RmTYPqeio", "expire_date": "2021-04-30T17:22:56.692Z"}}, {"model": "sessions.session", "pk": "ogu3a4xzcr82o8aleqrw07e30hf498e5", "fields": {"session_data": ".eJxVzMsOwiAUBNB_YW0Ir_Jw6b7fQC5wkaqBpLQr479Lky50O3Nm3sTDvhW_d1z9ksiVCHL5zQLEJ9ajSA-o90Zjq9u6BHoQeradzi3h63bav4MCvYw1Ts5FkUXIjkfgMmjFQGUmlJAJtJYD2CyMMtkGNmQCdFZKrpPGyWjy-QLjMzew:1lYJYO:e3H1EqYQBDH2qAYpZGNR98XAZnBSA4s5WXwhejLYtqs", "expire_date": "2021-05-03T02:22:24.289Z"}}, {"model": "sessions.session", "pk": "q0792kgzbc8nwvvcziazjmf0gs2pid67", "fields": {"session_data": ".eJxVzMsOwiAUBNB_YW0Ir_Jw6b7fQC5wkaqBpLQr479Lky50O3Nm3sTDvhW_d1z9ksiVCHL5zQLEJ9ajSA-o90Zjq9u6BHoQeradzi3h63bav4MCvYw1Ts5FkUXIjkfgMmjFQGUmlJAJtJYD2CyMMtkGNmQCdFZKrpPGyWjy-QLjMzew:1mqEas:wpjZpvfHIekdhUtngxQJRbi9pHoF6oW6l7kWfO0LI0I", "expire_date": "2021-12-09T13:15:18.715Z"}}, {"model": "sessions.session", "pk": "q4g0hov99plk35cv4w08w2522qw1v9qb", "fields": {"session_data": ".eJxVzMsOwiAUBNB_YW0Ir_Jw6b7fQC5wkaqBpLQr479Lky50O3Nm3sTDvhW_d1z9ksiVCHL5zQLEJ9ajSA-o90Zjq9u6BHoQeradzi3h63bav4MCvYw1Ts5FkUXIjkfgMmjFQGUmlJAJtJYD2CyMMtkGNmQCdFZKrpPGyWjy-QLjMzew:1lXWu5:_DMRkNBaKECjqoFc8807NzfrxqCqBArXYmhLAvUmbfI", "expire_date": "2021-04-30T22:25:33.925Z"}}, {"model": "sessions.session", "pk": "qkg9oeryk5x76sysbggzucgxq04fajvr", "fields": {"session_data": ".eJxVzMsOwiAUBNB_YW0Ir_Jw6b7fQC5wkaqBpLQr479Lky50O3Nm3sTDvhW_d1z9ksiVCHL5zQLEJ9ajSA-o90Zjq9u6BHoQeradzi3h63bav4MCvYw1Ts5FkUXIjkfgMmjFQGUmlJAJtJYD2CyMMtkGNmQCdFZKrpPGyWjy-QLjMzew:1mGjJ7:f6bxCPH8_caB4qkA-Q46s4fyC3ycZK5NRTCnTEeme2E", "expire_date": "2021-09-02T14:46:13.946Z"}}, {"model": "sessions.session", "pk": "qwle2v5b9mqskrnjek5cwm3nf25vbcn0", "fields": {"session_data": ".eJxVzMsOwiAUBNB_YW0Ir_Jw6b7fQC5wkaqBpLQr479Lky50O3Nm3sTDvhW_d1z9ksiVCHL5zQLEJ9ajSA-o90Zjq9u6BHoQeradzi3h63bav4MCvYw1Ts5FkUXIjkfgMmjFQGUmlJAJtJYD2CyMMtkGNmQCdFZKrpPGyWjy-QLjMzew:1lWtgb:4PC4qW5PBlSaQ3o6hv99oWNkzgpO-hZVIAteOdeElgk", "expire_date": "2021-04-29T04:33:01.956Z"}}, {"model": "sessions.session", "pk": "rc0nudczrnkbq6hjo2yqdxfy4ga0tmnp", "fields": {"session_data": ".eJxVzMsOwiAUBNB_YW0Ir_Jw6b7fQC5wkaqBpLQr479Lky50O3Nm3sTDvhW_d1z9ksiVCHL5zQLEJ9ajSA-o90Zjq9u6BHoQeradzi3h63bav4MCvYw1Ts5FkUXIjkfgMmjFQGUmlJAJtJYD2CyMMtkGNmQCdFZKrpPGyWjy-QLjMzew:1n5U9U:7OcS3zCMttrK11cT0OJ13jQbnSjlJzNeO29riqtSQCg", "expire_date": "2022-01-20T14:54:04.469Z"}}, {"model": "sessions.session", "pk": "rxew9szvm64hvlgxtliw9bfvfw166e9l", "fields": {"session_data": ".eJxVzMsOwiAUBNB_YW0Ir_Jw6b7fQC5wkaqBpLQr479Lky50O3Nm3sTDvhW_d1z9ksiVCHL5zQLEJ9ajSA-o90Zjq9u6BHoQeradzi3h63bav4MCvYw1Ts5FkUXIjkfgMmjFQGUmlJAJtJYD2CyMMtkGNmQCdFZKrpPGyWjy-QLjMzew:1mSMEM:AsUmo16QXjRYTzU-IbeNERl-Br_Vx91cBLvrSNmplKs", "expire_date": "2021-10-04T16:33:22.214Z"}}, {"model": "sessions.session", "pk": "sip9h0zq8oy67obfcmuh7xy8sizp9v9r", "fields": {"session_data": ".eJxVzMsOwiAUBNB_YW0Ir_Jw6b7fQC5wkaqBpLQr479Lky50O3Nm3sTDvhW_d1z9ksiVCHL5zQLEJ9ajSA-o90Zjq9u6BHoQeradzi3h63bav4MCvYw1Ts5FkUXIjkfgMmjFQGUmlJAJtJYD2CyMMtkGNmQCdFZKrpPGyWjy-QLjMzew:1lXVvZ:kuoAxRSHKPr6wJL-vMxLWUToh_tIvWK0vhSis6vzaKk", "expire_date": "2021-04-30T21:23:01.343Z"}}, {"model": "sessions.session", "pk": "sx2whd31z9lvbwj71eavunxisxp6jgvm", "fields": {"session_data": ".eJxVzMsOwiAUBNB_YW0Ir_Jw6b7fQC5wkaqBpLQr479Lky50O3Nm3sTDvhW_d1z9ksiVCHL5zQLEJ9ajSA-o90Zjq9u6BHoQeradzi3h63bav4MCvYw1Ts5FkUXIjkfgMmjFQGUmlJAJtJYD2CyMMtkGNmQCdFZKrpPGyWjy-QLjMzew:1lXVs3:HU-4w8HENEvK0xDVxR-b7nGWUBZRJ3k14mByV3V_dGk", "expire_date": "2021-04-30T21:19:23.337Z"}}, {"model": "sessions.session", "pk": "thc9dxnj1t1s7j7oowka9zrcswzvq6fi", "fields": {"session_data": ".eJxVzMsOwiAUBNB_YW0Ir_Jw6b7fQC5wkaqBpLQr479Lky50O3Nm3sTDvhW_d1z9ksiVCHL5zQLEJ9ajSA-o90Zjq9u6BHoQeradzi3h63bav4MCvYw1Ts5FkUXIjkfgMmjFQGUmlJAJtJYD2CyMMtkGNmQCdFZKrpPGyWjy-QLjMzew:1mvKWL:9cj5r-6eUKMqG4vWXocMqlHirJ429fF2ncsUzHCRy0U", "expire_date": "2021-12-23T14:35:41.704Z"}}, {"model": "sessions.session", "pk": "tz42eodssc8r6h3svo8xk9jqrvi6ie5i", "fields": {"session_data": ".eJxVzMsOwiAUBNB_YW0Ir_Jw6b7fQC5wkaqBpLQr479Lky50O3Nm3sTDvhW_d1z9ksiVCHL5zQLEJ9ajSA-o90Zjq9u6BHoQeradzi3h63bav4MCvYw1Ts5FkUXIjkfgMmjFQGUmlJAJtJYD2CyMMtkGNmQCdFZKrpPGyWjy-QLjMzew:1lWtoR:Q1Plh1NaZcPc1jT1wNKREioG_zxNb3UTVWJjsYkorrg", "expire_date": "2021-04-29T04:41:07.485Z"}}, {"model": "sessions.session", "pk": "u2xb0a8w9iqvvrh03lxzfcwe5l57823z", "fields": {"session_data": ".eJxVzMsOwiAUBNB_YW0Ir_Jw6b7fQC5wkaqBpLQr479Lky50O3Nm3sTDvhW_d1z9ksiVCHL5zQLEJ9ajSA-o90Zjq9u6BHoQeradzi3h63bav4MCvYw1Ts5FkUXIjkfgMmjFQGUmlJAJtJYD2CyMMtkGNmQCdFZKrpPGyWjy-QLjMzew:1mNHUs:c3B4TzCzN2W2wB8nDJhlVsCtFbilvrVO_yJg51tOhAc", "expire_date": "2021-09-20T16:29:26.316Z"}}, {"model": "sessions.session", "pk": "v6koqx8gbbixwi0meb1273kd23cr2wla", "fields": {"session_data": ".eJxVzMsOwiAUBNB_YW0Ir_Jw6b7fQC5wkaqBpLQr479Lky50O3Nm3sTDvhW_d1z9ksiVCHL5zQLEJ9ajSA-o90Zjq9u6BHoQeradzi3h63bav4MCvYw1Ts5FkUXIjkfgMmjFQGUmlJAJtJYD2CyMMtkGNmQCdFZKrpPGyWjy-QLjMzew:1mqEas:wpjZpvfHIekdhUtngxQJRbi9pHoF6oW6l7kWfO0LI0I", "expire_date": "2021-12-09T13:15:18.704Z"}}, {"model": "sessions.session", "pk": "w5hy6iehfs30vxh6gdstmkm5gmxhvx8v", "fields": {"session_data": ".eJxVzMsOwiAUBNB_YW0Ir_Jw6b7fQC5wkaqBpLQr479Lky50O3Nm3sTDvhW_d1z9ksiVCHL5zQLEJ9ajSA-o90Zjq9u6BHoQeradzi3h63bav4MCvYw1Ts5FkUXIjkfgMmjFQGUmlJAJtJYD2CyMMtkGNmQCdFZKrpPGyWjy-QLjMzew:1lWuFJ:-UDGEi14UvQV0EiGOWKUTgeoY1-D3cz-dHg9GaPvJpU", "expire_date": "2021-04-29T05:08:53.431Z"}}, {"model": "sessions.session", "pk": "w9mi1t7ripvb7l8yr2ef254qd9ohla9m", "fields": {"session_data": ".eJxVzMsOwiAUBNB_YW0Ir_Jw6b7fQC5wkaqBpLQr479Lky50O3Nm3sTDvhW_d1z9ksiVCHL5zQLEJ9ajSA-o90Zjq9u6BHoQeradzi3h63bav4MCvYw1Ts5FkUXIjkfgMmjFQGUmlJAJtJYD2CyMMtkGNmQCdFZKrpPGyWjy-QLjMzew:1lWu4H:GC8eGcHGHv255nTPHpor83VIW5Uq_2lGmKZP4Vrfroo", "expire_date": "2021-04-29T04:57:29.531Z"}}, {"model": "sessions.session", "pk": "wnes95q4n5t6ozqln6r9lje0u9n6swy5", "fields": {"session_data": ".eJxVzMsOwiAUBNB_YW0Ir_Jw6b7fQC5wkaqBpLQr479Lky50O3Nm3sTDvhW_d1z9ksiVCHL5zQLEJ9ajSA-o90Zjq9u6BHoQeradzi3h63bav4MCvYw1Ts5FkUXIjkfgMmjFQGUmlJAJtJYD2CyMMtkGNmQCdFZKrpPGyWjy-QLjMzew:1lWtxA:gGiU0pNiSYuiwORJYvjh_JCmNA7gmAyxAChb5OmO2qo", "expire_date": "2021-04-29T04:50:08.470Z"}}, {"model": "sessions.session", "pk": "xi25lma2ijlaphf62nykp3150ql6dtf5", "fields": {"session_data": ".eJxVzMsOwiAUBNB_YW0Ir_Jw6b7fQC5wkaqBpLQr479Lky50O3Nm3sTDvhW_d1z9ksiVCHL5zQLEJ9ajSA-o90Zjq9u6BHoQeradzi3h63bav4MCvYw1Ts5FkUXIjkfgMmjFQGUmlJAJtJYD2CyMMtkGNmQCdFZKrpPGyWjy-QLjMzew:1mSMEM:AsUmo16QXjRYTzU-IbeNERl-Br_Vx91cBLvrSNmplKs", "expire_date": "2021-10-04T16:33:22.198Z"}}, {"model": "sessions.session", "pk": "xzgg0nxj5vxfu7wd7vz1cylymfxz4zh6", "fields": {"session_data": ".eJxVzMsOwiAUBNB_YW0Ir_Jw6b7fQC5wkaqBpLQr479Lky50O3Nm3sTDvhW_d1z9ksiVCHL5zQLEJ9ajSA-o90Zjq9u6BHoQeradzi3h63bav4MCvYw1Ts5FkUXIjkfgMmjFQGUmlJAJtJYD2CyMMtkGNmQCdFZKrpPGyWjy-QLjMzew:1lWtXx:rmBFp6fq-cHyJDvdWOahXRc-5zckSUEjIttuDl1jpRc", "expire_date": "2021-04-29T04:24:05.066Z"}}, {"model": "sessions.session", "pk": "yc3lb5cwhnyj5vbe265ae4gp38q0nqa6", "fields": {"session_data": ".eJxVzMsOwiAUBNB_YW0Ir_Jw6b7fQC5wkaqBpLQr479Lky50O3Nm3sTDvhW_d1z9ksiVCHL5zQLEJ9ajSA-o90Zjq9u6BHoQeradzi3h63bav4MCvYw1Ts5FkUXIjkfgMmjFQGUmlJAJtJYD2CyMMtkGNmQCdFZKrpPGyWjy-QLjMzew:1mfOvd:bq21y_aOJWc39xFnRtQUHyvcD6vbCcN9mrNY3Yvdu5w", "expire_date": "2021-11-09T16:03:57.514Z"}}, {"model": "sessions.session", "pk": "ylx2lviv6ao2fy32n0mz2j2elnn9g3sq", "fields": {"session_data": ".eJxVzMsOwiAUBNB_YW0Ir_Jw6b7fQC5wkaqBpLQr479Lky50O3Nm3sTDvhW_d1z9ksiVCHL5zQLEJ9ajSA-o90Zjq9u6BHoQeradzi3h63bav4MCvYw1Ts5FkUXIjkfgMmjFQGUmlJAJtJYD2CyMMtkGNmQCdFZKrpPGyWjy-QLjMzew:1lYwcf:C_dn7LbOa9OzjG1Qb73qGwlwTgIFOp2Tc7b4mCiYTxY", "expire_date": "2021-05-04T20:05:25.924Z"}}, {"model": "sessions.session", "pk": "z2dr6ndp0qzkfeem1gf3yaogiai1brf2", "fields": {"session_data": ".eJxVzMsOwiAUBNB_YW0Ir_Jw6b7fQC5wkaqBpLQr479Lky50O3Nm3sTDvhW_d1z9ksiVCHL5zQLEJ9ajSA-o90Zjq9u6BHoQeradzi3h63bav4MCvYw1Ts5FkUXIjkfgMmjFQGUmlJAJtJYD2CyMMtkGNmQCdFZKrpPGyWjy-QLjMzew:1leRHf:GqFnlpk-la1Y8RPgPPVyngat-KB9vAV9hy6xKHbMieY", "expire_date": "2021-05-19T23:50:27.776Z"}}, {"model": "sessions.session", "pk": "z4gjmoi6s7qwjxwgficirx82ml9s8fwa", "fields": {"session_data": ".eJxVzMsOwiAUBNB_YW0Ir_Jw6b7fQC5wkaqBpLQr479Lky50O3Nm3sTDvhW_d1z9ksiVCHL5zQLEJ9ajSA-o90Zjq9u6BHoQeradzi3h63bav4MCvYw1Ts5FkUXIjkfgMmjFQGUmlJAJtJYD2CyMMtkGNmQCdFZKrpPGyWjy-QLjMzew:1mNHTe:PC5DiDO14OapzqwGLEaZJKhvc3i414ZUFDf1Eyd52bI", "expire_date": "2021-09-20T16:28:10.891Z"}}, {"model": "sessions.session", "pk": "zysywkf4oc00vdk3idvo52mgbtyskdiw", "fields": {"session_data": ".eJxVzMsOwiAUBNB_YW0Ir_Jw6b7fQC5wkaqBpLQr479Lky50O3Nm3sTDvhW_d1z9ksiVCHL5zQLEJ9ajSA-o90Zjq9u6BHoQeradzi3h63bav4MCvYw1Ts5FkUXIjkfgMmjFQGUmlJAJtJYD2CyMMtkGNmQCdFZKrpPGyWjy-QLjMzew:1lYydg:kclEaQIRk2LxoN6pI45Gli8XIBneO1hJOT9dFcY-oMU", "expire_date": "2021-05-04T22:14:36.748Z"}}, {"model": "database.constance", "pk": 1, "fields": {"key": "LIMITE_PLANILLAS_DEUDA", "value": 1}}, {"model": "database.constance", "pk": 2, "fields": {"key": "LIMITE_DESPACHOS_DEUDA", "value": 2}}, {"model": "database.constance", "pk": 3, "fields": {"key": "CAMBIAR_CONTROL", "value": false}}, {"model": "database.constance", "pk": 4, "fields": {"key": "CONTROL_PLANILLA", "value": 0}}, {"model": "database.constance", "pk": 5, "fields": {"key": "PRECIO_FERIADOS", "value": false}}, {"model": "database.constance", "pk": 6, "fields": {"key": "FOTO_CONDUCTOR", "value": false}}, {"model": "cuenta.user", "pk": 2, "fields": {"password": "pbkdf2_sha256$260000$4us0R4KPZBiYYeF2YdT5hP$UwAD6FSa00fAfBIxVzmSmjIQMEMal+Aeku+5J9fX35A=", "last_login": "2022-01-20T15:59:49.027Z", "is_superuser": true, "username": "master", "first_name": "Jose", "last_name": "Duarte", "email": "jose.duarte@outlook.cl", "is_staff": true, "is_active": true, "date_joined": "2021-04-10T06:11:13.979Z", "user_type": 1, "id_sucursal": 1, "groups": [], "user_permissions": []}}, {"model": "cuenta.user", "pk": 8, "fields": {"password": "pbkdf2_sha256$260000$Hgm25NF4ooG417xQjUV8np$cQc5rYI4iiWJky4kDWoXTLDrftvgpB2lrHvOlUJ1M8U=", "last_login": null, "is_superuser": false, "username": "26.667.023-4", "first_name": "Juan", "last_name": "Perez", "email": "saert@qweer.com", "is_staff": false, "is_active": true, "date_joined": "2021-04-21T03:04:13.163Z", "user_type": 3, "id_sucursal": 1, "groups": [], "user_permissions": []}}, {"model": "app.regiones", "pk": 1, "fields": {"nombre": "Arica y Parinacota", "abreviatura": "AP", "capital": "Arica"}}, {"model": "app.regiones", "pk": 2, "fields": {"nombre": "Tarapacá", "abreviatura": "TA", "capital": "Iquique"}}, {"model": "app.regiones", "pk": 3, "fields": {"nombre": "Antofagasta", "abreviatura": "AN", "capital": "Antofagasta"}}, {"model": "app.regiones", "pk": 4, "fields": {"nombre": "Atacama", "abreviatura": "AT", "capital": "Copiapó"}}, {"model": "app.regiones", "pk": 5, "fields": {"nombre": "Coquimbo", "abreviatura": "CO", "capital": "La Serena"}}, {"model": "app.regiones", "pk": 6, "fields": {"nombre": "Valparaiso", "abreviatura": "VA", "capital": "valparaíso"}}, {"model": "app.regiones", "pk": 7, "fields": {"nombre": "Metropolitana de Santiago", "abreviatura": "RM", "capital": "Santiago"}}, {"model": "app.regiones", "pk": 8, "fields": {"nombre": "Libertador General Bernardo OHiggins", "abreviatura": "OH", "capital": "Rancagua"}}, {"model": "app.regiones", "pk": 9, "fields": {"nombre": "Maule", "abreviatura": "MA", "capital": "Talca"}}, {"model": "app.regiones", "pk": 10, "fields": {"nombre": "Ñuble", "abreviatura": "NB", "capital": "Chillán"}}, {"model": "app.regiones", "pk": 11, "fields": {"nombre": "Biobío", "abreviatura": "BI", "capital": "Concepción"}}, {"model": "app.regiones", "pk": 12, "fields": {"nombre": "La Araucanía", "abreviatura": "IAR", "capital": "Temuco"}}, {"model": "app.regiones", "pk": 13, "fields": {"nombre": "Los Ríos", "abreviatura": "LR", "capital": "Valdivia"}}, {"model": "app.regiones", "pk": 14, "fields": {"nombre": "Los Lagos", "abreviatura": "LL", "capital": "Puerto Montt"}}, {"model": "app.regiones", "pk": 15, "fields": {"nombre": "Aysén del General Carlos Ibáñez del Campo", "abreviatura": "AI", "capital": "Coyhaique"}}, {"model": "app.regiones", "pk": 16, "fields": {"nombre": "Magallanes y de la Antártica Chilena", "abreviatura": "MG", "capital": "Punta Arenas"}}, {"model": "app.provincia", "pk": 1, "fields": {"nombre": "Arica", "cod_region": 1}}, {"model": "app.provincia", "pk": 2, "fields": {"nombre": "Parinacota", "cod_region": 1}}, {"model": "app.provincia", "pk": 3, "fields": {"nombre": "Iquique", "cod_region": 2}}, {"model": "app.provincia", "pk": 4, "fields": {"nombre": "El Tamarugal", "cod_region": 2}}, {"model": "app.provincia", "pk": 5, "fields": {"nombre": "Tocopilla", "cod_region": 3}}, {"model": "app.provincia", "pk": 6, "fields": {"nombre": "El Loa", "cod_region": 3}}, {"model": "app.provincia", "pk": 7, "fields": {"nombre": "Antofagasta", "cod_region": 3}}, {"model": "app.provincia", "pk": 8, "fields": {"nombre": "Chañaral", "cod_region": 4}}, {"model": "app.provincia", "pk": 9, "fields": {"nombre": "Copiapó", "cod_region": 4}}, {"model": "app.provincia", "pk": 10, "fields": {"nombre": "Huasco", "cod_region": 4}}, {"model": "app.provincia", "pk": 11, "fields": {"nombre": "Elqui", "cod_region": 5}}, {"model": "app.provincia", "pk": 12, "fields": {"nombre": "Limarí", "cod_region": 5}}, {"model": "app.provincia", "pk": 13, "fields": {"nombre": "Choapa", "cod_region": 5}}, {"model": "app.provincia", "pk": 14, "fields": {"nombre": "Petorca", "cod_region": 6}}, {"model": "app.provincia", "pk": 15, "fields": {"nombre": "Los Andes", "cod_region": 6}}, {"model": "app.provincia", "pk": 16, "fields": {"nombre": "San Felipe de Aconcagua", "cod_region": 6}}, {"model": "app.provincia", "pk": 17, "fields": {"nombre": "Quillota", "cod_region": 6}}, {"model": "app.provincia", "pk": 18, "fields": {"nombre": "Valparaiso", "cod_region": 6}}, {"model": "app.provincia", "pk": 19, "fields": {"nombre": "San Antonio", "cod_region": 6}}, {"model": "app.provincia", "pk": 20, "fields": {"nombre": "Isla de Pascua", "cod_region": 6}}, {"model": "app.provincia", "pk": 21, "fields": {"nombre": "Marga Marga", "cod_region": 6}}, {"model": "app.provincia", "pk": 22, "fields": {"nombre": "Chacabuco", "cod_region": 7}}, {"model": "app.provincia", "pk": 23, "fields": {"nombre": "Santiago", "cod_region": 7}}, {"model": "app.provincia", "pk": 24, "fields": {"nombre": "Cordillera", "cod_region": 7}}, {"model": "app.provincia", "pk": 25, "fields": {"nombre": "Maipo", "cod_region": 7}}, {"model": "app.provincia", "pk": 26, "fields": {"nombre": "Melipilla", "cod_region": 7}}, {"model": "app.provincia", "pk": 27, "fields": {"nombre": "Talagante", "cod_region": 7}}, {"model": "app.provincia", "pk": 28, "fields": {"nombre": "Cachapoal", "cod_region": 8}}, {"model": "app.provincia", "pk": 29, "fields": {"nombre": "Colchagua", "cod_region": 8}}, {"model": "app.provincia", "pk": 30, "fields": {"nombre": "Cardenal Caro", "cod_region": 8}}, {"model": "app.provincia", "pk": 31, "fields": {"nombre": "Curicó", "cod_region": 9}}, {"model": "app.provincia", "pk": 32, "fields": {"nombre": "Talca", "cod_region": 9}}, {"model": "app.provincia", "pk": 33, "fields": {"nombre": "Linares", "cod_region": 9}}, {"model": "app.provincia", "pk": 34, "fields": {"nombre": "Cauquenes", "cod_region": 9}}, {"model": "app.provincia", "pk": 35, "fields": {"nombre": "Diguillín", "cod_region": 10}}, {"model": "app.provincia", "pk": 36, "fields": {"nombre": "Itata", "cod_region": 10}}, {"model": "app.provincia", "pk": 37, "fields": {"nombre": "Punilla", "cod_region": 10}}, {"model": "app.provincia", "pk": 38, "fields": {"nombre": "Bio Bío", "cod_region": 11}}, {"model": "app.provincia", "pk": 39, "fields": {"nombre": "Concepción", "cod_region": 11}}, {"model": "app.provincia", "pk": 40, "fields": {"nombre": "Arauco", "cod_region": 11}}, {"model": "app.provincia", "pk": 41, "fields": {"nombre": "Malleco", "cod_region": 12}}, {"model": "app.provincia", "pk": 42, "fields": {"nombre": "Cautín", "cod_region": 12}}, {"model": "app.provincia", "pk": 43, "fields": {"nombre": "Valdivia", "cod_region": 13}}, {"model": "app.provincia", "pk": 44, "fields": {"nombre": "Ranco", "cod_region": 13}}, {"model": "app.provincia", "pk": 45, "fields": {"nombre": "Osorno", "cod_region": 14}}, {"model": "app.provincia", "pk": 46, "fields": {"nombre": "Llanquihue", "cod_region": 14}}, {"model": "app.provincia", "pk": 47, "fields": {"nombre": "Chiloé", "cod_region": 14}}, {"model": "app.provincia", "pk": 48, "fields": {"nombre": "Palena", "cod_region": 14}}, {"model": "app.provincia", "pk": 49, "fields": {"nombre": "Coyhaique", "cod_region": 15}}, {"model": "app.provincia", "pk": 50, "fields": {"nombre": "Aysén", "cod_region": 15}}, {"model": "app.provincia", "pk": 51, "fields": {"nombre": "General Carrera", "cod_region": 15}}, {"model": "app.provincia", "pk": 52, "fields": {"nombre": "Capitán Prat", "cod_region": 15}}, {"model": "app.provincia", "pk": 53, "fields": {"nombre": "Última Esperanza", "cod_region": 16}}, {"model": "app.provincia", "pk": 54, "fields": {"nombre": "Magallanes", "cod_region": 16}}, {"model": "app.provincia", "pk": 55, "fields": {"nombre": "Tierra del Fuego", "cod_region": 16}}, {"model": "app.provincia", "pk": 56, "fields": {"nombre": "Antártica Chilena", "cod_region": 16}}, {"model": "app.comuna", "pk": 1, "fields": {"nombre": "Arica", "cod_provincia": 1}}, {"model": "app.comuna", "pk": 2, "fields": {"nombre": "Camarones", "cod_provincia": 1}}, {"model": "app.comuna", "pk": 3, "fields": {"nombre": "General Lagos", "cod_provincia": 2}}, {"model": "app.comuna", "pk": 4, "fields": {"nombre": "Putre", "cod_provincia": 2}}, {"model": "app.comuna", "pk": 5, "fields": {"nombre": "Alto Hospicio", "cod_provincia": 3}}, {"model": "app.comuna", "pk": 6, "fields": {"nombre": "Iquique", "cod_provincia": 3}}, {"model": "app.comuna", "pk": 7, "fields": {"nombre": "Camiña", "cod_provincia": 4}}, {"model": "app.comuna", "pk": 8, "fields": {"nombre": "Colchane", "cod_provincia": 4}}, {"model": "app.comuna", "pk": 9, "fields": {"nombre": "Huara", "cod_provincia": 4}}, {"model": "app.comuna", "pk": 10, "fields": {"nombre": "Pica", "cod_provincia": 4}}, {"model": "app.comuna", "pk": 11, "fields": {"nombre": "Pozo Almonte", "cod_provincia": 4}}, {"model": "app.comuna", "pk": 12, "fields": {"nombre": "Tocopilla", "cod_provincia": 5}}, {"model": "app.comuna", "pk": 13, "fields": {"nombre": "María Elena", "cod_provincia": 5}}, {"model": "app.comuna", "pk": 14, "fields": {"nombre": "Calama", "cod_provincia": 6}}, {"model": "app.comuna", "pk": 15, "fields": {"nombre": "Ollague", "cod_provincia": 6}}, {"model": "app.comuna", "pk": 16, "fields": {"nombre": "San Pedro de Atacama", "cod_provincia": 6}}, {"model": "app.comuna", "pk": 17, "fields": {"nombre": "Antofagasta", "cod_provincia": 7}}, {"model": "app.comuna", "pk": 18, "fields": {"nombre": "Mejillones", "cod_provincia": 7}}, {"model": "app.comuna", "pk": 19, "fields": {"nombre": "Sierra Gorda", "cod_provincia": 7}}, {"model": "app.comuna", "pk": 20, "fields": {"nombre": "Taltal", "cod_provincia": 7}}, {"model": "app.comuna", "pk": 21, "fields": {"nombre": "Chañaral", "cod_provincia": 8}}, {"model": "app.comuna", "pk": 22, "fields": {"nombre": "Diego de Almagro", "cod_provincia": 8}}, {"model": "app.comuna", "pk": 23, "fields": {"nombre": "Copiapó", "cod_provincia": 9}}, {"model": "app.comuna", "pk": 24, "fields": {"nombre": "Caldera", "cod_provincia": 9}}, {"model": "app.comuna", "pk": 25, "fields": {"nombre": "Tierra Amarilla", "cod_provincia": 9}}, {"model": "app.comuna", "pk": 26, "fields": {"nombre": "Vallenar", "cod_provincia": 10}}, {"model": "app.comuna", "pk": 27, "fields": {"nombre": "Alto del Carmen", "cod_provincia": 10}}, {"model": "app.comuna", "pk": 28, "fields": {"nombre": "Freirina", "cod_provincia": 10}}, {"model": "app.comuna", "pk": 29, "fields": {"nombre": "Huasco", "cod_provincia": 10}}, {"model": "app.comuna", "pk": 30, "fields": {"nombre": "La Serena", "cod_provincia": 11}}, {"model": "app.comuna", "pk": 31, "fields": {"nombre": "Coquimbo", "cod_provincia": 11}}, {"model": "app.comuna", "pk": 32, "fields": {"nombre": "Andacollo", "cod_provincia": 11}}, {"model": "app.comuna", "pk": 33, "fields": {"nombre": "La Higuera", "cod_provincia": 11}}, {"model": "app.comuna", "pk": 34, "fields": {"nombre": "Paihuano", "cod_provincia": 11}}, {"model": "app.comuna", "pk": 35, "fields": {"nombre": "Vicuña", "cod_provincia": 11}}, {"model": "app.comuna", "pk": 36, "fields": {"nombre": "Ovalle", "cod_provincia": 12}}, {"model": "app.comuna", "pk": 37, "fields": {"nombre": "Combarbalá", "cod_provincia": 12}}, {"model": "app.comuna", "pk": 38, "fields": {"nombre": "Monte Patria", "cod_provincia": 12}}, {"model": "app.comuna", "pk": 39, "fields": {"nombre": "Punitaqui", "cod_provincia": 12}}, {"model": "app.comuna", "pk": 40, "fields": {"nombre": "Río Hurtado", "cod_provincia": 12}}, {"model": "app.comuna", "pk": 41, "fields": {"nombre": "Illapel", "cod_provincia": 13}}, {"model": "app.comuna", "pk": 42, "fields": {"nombre": "Canela", "cod_provincia": 13}}, {"model": "app.comuna", "pk": 43, "fields": {"nombre": "Los Vilos", "cod_provincia": 13}}, {"model": "app.comuna", "pk": 44, "fields": {"nombre": "Salamanca", "cod_provincia": 13}}, {"model": "app.comuna", "pk": 45, "fields": {"nombre": "La Ligua", "cod_provincia": 14}}, {"model": "app.comuna", "pk": 46, "fields": {"nombre": "Cabildo", "cod_provincia": 14}}, {"model": "app.comuna", "pk": 47, "fields": {"nombre": "Zapallar", "cod_provincia": 14}}, {"model": "app.comuna", "pk": 48, "fields": {"nombre": "Papudo", "cod_provincia": 14}}, {"model": "app.comuna", "pk": 49, "fields": {"nombre": "Petorca", "cod_provincia": 14}}, {"model": "app.comuna", "pk": 50, "fields": {"nombre": "Los Andes", "cod_provincia": 15}}, {"model": "app.comuna", "pk": 51, "fields": {"nombre": "San Esteban", "cod_provincia": 15}}, {"model": "app.comuna", "pk": 52, "fields": {"nombre": "Calle Larga", "cod_provincia": 15}}, {"model": "app.comuna", "pk": 53, "fields": {"nombre": "Rinconada", "cod_provincia": 15}}, {"model": "app.comuna", "pk": 54, "fields": {"nombre": "San Felipe", "cod_provincia": 16}}, {"model": "app.comuna", "pk": 55, "fields": {"nombre": "Llaillay", "cod_provincia": 16}}, {"model": "app.comuna", "pk": 56, "fields": {"nombre": "Putaendo", "cod_provincia": 16}}, {"model": "app.comuna", "pk": 57, "fields": {"nombre": "Santa María", "cod_provincia": 16}}, {"model": "app.comuna", "pk": 58, "fields": {"nombre": "Catemu", "cod_provincia": 16}}, {"model": "app.comuna", "pk": 59, "fields": {"nombre": "Panquehue", "cod_provincia": 16}}, {"model": "app.comuna", "pk": 60, "fields": {"nombre": "Quillota", "cod_provincia": 17}}, {"model": "app.comuna", "pk": 61, "fields": {"nombre": "La Cruz", "cod_provincia": 17}}, {"model": "app.comuna", "pk": 62, "fields": {"nombre": "La Calera", "cod_provincia": 17}}, {"model": "app.comuna", "pk": 63, "fields": {"nombre": "Nogales", "cod_provincia": 17}}, {"model": "app.comuna", "pk": 64, "fields": {"nombre": "Hijuelas", "cod_provincia": 17}}, {"model": "app.comuna", "pk": 65, "fields": {"nombre": "Valparaíso", "cod_provincia": 18}}, {"model": "app.comuna", "pk": 66, "fields": {"nombre": "Viña del Mar", "cod_provincia": 18}}, {"model": "app.comuna", "pk": 67, "fields": {"nombre": "Concón", "cod_provincia": 18}}, {"model": "app.comuna", "pk": 68, "fields": {"nombre": "Quintero", "cod_provincia": 18}}, {"model": "app.comuna", "pk": 69, "fields": {"nombre": "Puchuncaví", "cod_provincia": 18}}, {"model": "app.comuna", "pk": 70, "fields": {"nombre": "Casablanca", "cod_provincia": 18}}, {"model": "app.comuna", "pk": 71, "fields": {"nombre": "Juan Fernández", "cod_provincia": 18}}, {"model": "app.comuna", "pk": 72, "fields": {"nombre": "San Antonio", "cod_provincia": 19}}, {"model": "app.comuna", "pk": 73, "fields": {"nombre": "Cartagena", "cod_provincia": 19}}, {"model": "app.comuna", "pk": 74, "fields": {"nombre": "El Tabo", "cod_provincia": 19}}, {"model": "app.comuna", "pk": 75, "fields": {"nombre": "El Quisco", "cod_provincia": 19}}, {"model": "app.comuna", "pk": 76, "fields": {"nombre": "Algarrobo", "cod_provincia": 19}}, {"model": "app.comuna", "pk": 77, "fields": {"nombre": "Santo Domingo", "cod_provincia": 19}}, {"model": "app.comuna", "pk": 78, "fields": {"nombre": "Isla de Pascua", "cod_provincia": 20}}, {"model": "app.comuna", "pk": 79, "fields": {"nombre": "Quilpué", "cod_provincia": 21}}, {"model": "app.comuna", "pk": 80, "fields": {"nombre": "Limache", "cod_provincia": 21}}, {"model": "app.comuna", "pk": 81, "fields": {"nombre": "Olmué", "cod_provincia": 21}}, {"model": "app.comuna", "pk": 82, "fields": {"nombre": "Villa Alemana", "cod_provincia": 21}}, {"model": "app.comuna", "pk": 83, "fields": {"nombre": "Colina", "cod_provincia": 22}}, {"model": "app.comuna", "pk": 84, "fields": {"nombre": "Lampa", "cod_provincia": 22}}, {"model": "app.comuna", "pk": 85, "fields": {"nombre": "Tiltil", "cod_provincia": 22}}, {"model": "app.comuna", "pk": 86, "fields": {"nombre": "Santiago", "cod_provincia": 23}}, {"model": "app.comuna", "pk": 87, "fields": {"nombre": "Vitacura", "cod_provincia": 23}}, {"model": "app.comuna", "pk": 88, "fields": {"nombre": "San Ramón", "cod_provincia": 23}}, {"model": "app.comuna", "pk": 89, "fields": {"nombre": "San Miguel", "cod_provincia": 23}}, {"model": "app.comuna", "pk": 90, "fields": {"nombre": "San Joaquín", "cod_provincia": 23}}, {"model": "app.comuna", "pk": 91, "fields": {"nombre": "Renca", "cod_provincia": 23}}, {"model": "app.comuna", "pk": 92, "fields": {"nombre": "Recoleta", "cod_provincia": 23}}, {"model": "app.comuna", "pk": 93, "fields": {"nombre": "Quinta Normal", "cod_provincia": 23}}, {"model": "app.comuna", "pk": 94, "fields": {"nombre": "Quilicura", "cod_provincia": 23}}, {"model": "app.comuna", "pk": 95, "fields": {"nombre": "Pudahuel", "cod_provincia": 23}}, {"model": "app.comuna", "pk": 96, "fields": {"nombre": "Providencia", "cod_provincia": 23}}, {"model": "app.comuna", "pk": 97, "fields": {"nombre": "Peñalolén", "cod_provincia": 23}}, {"model": "app.comuna", "pk": 98, "fields": {"nombre": "Pedro Aguirre Cerda", "cod_provincia": 23}}, {"model": "app.comuna", "pk": 99, "fields": {"nombre": "Ñuñoa", "cod_provincia": 23}}, {"model": "app.comuna", "pk": 100, "fields": {"nombre": "Maipú", "cod_provincia": 23}}, {"model": "app.comuna", "pk": 101, "fields": {"nombre": "Macul", "cod_provincia": 23}}, {"model": "app.comuna", "pk": 102, "fields": {"nombre": "Lo Prado", "cod_provincia": 23}}, {"model": "app.comuna", "pk": 103, "fields": {"nombre": "Lo Espejo", "cod_provincia": 23}}, {"model": "app.comuna", "pk": 104, "fields": {"nombre": "Lo Barnechea", "cod_provincia": 23}}, {"model": "app.comuna", "pk": 105, "fields": {"nombre": "Las Condes", "cod_provincia": 23}}, {"model": "app.comuna", "pk": 106, "fields": {"nombre": "La Reina", "cod_provincia": 23}}, {"model": "app.comuna", "pk": 107, "fields": {"nombre": "La Pintana", "cod_provincia": 23}}, {"model": "app.comuna", "pk": 108, "fields": {"nombre": "La Granja", "cod_provincia": 23}}, {"model": "app.comuna", "pk": 109, "fields": {"nombre": "La Florida", "cod_provincia": 23}}, {"model": "app.comuna", "pk": 110, "fields": {"nombre": "La Cisterna", "cod_provincia": 23}}, {"model": "app.comuna", "pk": 111, "fields": {"nombre": "Independencia", "cod_provincia": 23}}, {"model": "app.comuna", "pk": 112, "fields": {"nombre": "Huechuraba", "cod_provincia": 23}}, {"model": "app.comuna", "pk": 113, "fields": {"nombre": "Estación Central", "cod_provincia": 23}}, {"model": "app.comuna", "pk": 114, "fields": {"nombre": "El Bosque", "cod_provincia": 23}}, {"model": "app.comuna", "pk": 115, "fields": {"nombre": "Conchalí", "cod_provincia": 23}}, {"model": "app.comuna", "pk": 116, "fields": {"nombre": "Cerro Navia", "cod_provincia": 23}}, {"model": "app.comuna", "pk": 117, "fields": {"nombre": "Cerrillos", "cod_provincia": 23}}, {"model": "app.comuna", "pk": 118, "fields": {"nombre": "Puente Alto", "cod_provincia": 24}}, {"model": "app.comuna", "pk": 119, "fields": {"nombre": "San José de Maipo", "cod_provincia": 24}}, {"model": "app.comuna", "pk": 120, "fields": {"nombre": "Pirque", "cod_provincia": 24}}, {"model": "app.comuna", "pk": 121, "fields": {"nombre": "San Bernardo", "cod_provincia": 25}}, {"model": "app.comuna", "pk": 122, "fields": {"nombre": "Buin", "cod_provincia": 25}}, {"model": "app.comuna", "pk": 123, "fields": {"nombre": "Paine", "cod_provincia": 25}}, {"model": "app.comuna", "pk": 124, "fields": {"nombre": "Calera de Tango", "cod_provincia": 25}}, {"model": "app.comuna", "pk": 125, "fields": {"nombre": "Melipilla", "cod_provincia": 26}}, {"model": "app.comuna", "pk": 126, "fields": {"nombre": "Alhué", "cod_provincia": 26}}, {"model": "app.comuna", "pk": 127, "fields": {"nombre": "Curacaví", "cod_provincia": 26}}, {"model": "app.comuna", "pk": 128, "fields": {"nombre": "María Pinto", "cod_provincia": 26}}, {"model": "app.comuna", "pk": 129, "fields": {"nombre": "San Pedro", "cod_provincia": 26}}, {"model": "app.comuna", "pk": 130, "fields": {"nombre": "Isla de Maipo", "cod_provincia": 27}}, {"model": "app.comuna", "pk": 131, "fields": {"nombre": "El Monte", "cod_provincia": 27}}, {"model": "app.comuna", "pk": 132, "fields": {"nombre": "Padre Hurtado", "cod_provincia": 27}}, {"model": "app.comuna", "pk": 133, "fields": {"nombre": "Peñaflor", "cod_provincia": 27}}, {"model": "app.comuna", "pk": 134, "fields": {"nombre": "Talagante", "cod_provincia": 27}}, {"model": "app.comuna", "pk": 135, "fields": {"nombre": "Codegua", "cod_provincia": 28}}, {"model": "app.comuna", "pk": 136, "fields": {"nombre": "Coínco", "cod_provincia": 28}}, {"model": "app.comuna", "pk": 137, "fields": {"nombre": "Coltauco", "cod_provincia": 28}}, {"model": "app.comuna", "pk": 138, "fields": {"nombre": "Doñihue", "cod_provincia": 28}}, {"model": "app.comuna", "pk": 139, "fields": {"nombre": "Graneros", "cod_provincia": 28}}, {"model": "app.comuna", "pk": 140, "fields": {"nombre": "Las Cabras", "cod_provincia": 28}}, {"model": "app.comuna", "pk": 141, "fields": {"nombre": "Machalí", "cod_provincia": 28}}, {"model": "app.comuna", "pk": 142, "fields": {"nombre": "Malloa", "cod_provincia": 28}}, {"model": "app.comuna", "pk": 143, "fields": {"nombre": "Mostazal", "cod_provincia": 28}}, {"model": "app.comuna", "pk": 144, "fields": {"nombre": "Olivar", "cod_provincia": 28}}, {"model": "app.comuna", "pk": 145, "fields": {"nombre": "Peumo", "cod_provincia": 28}}, {"model": "app.comuna", "pk": 146, "fields": {"nombre": "Pichidegua", "cod_provincia": 28}}, {"model": "app.comuna", "pk": 147, "fields": {"nombre": "Quinta de Tilcoco", "cod_provincia": 28}}, {"model": "app.comuna", "pk": 148, "fields": {"nombre": "Rancagua", "cod_provincia": 28}}, {"model": "app.comuna", "pk": 149, "fields": {"nombre": "Rengo", "cod_provincia": 28}}, {"model": "app.comuna", "pk": 150, "fields": {"nombre": "Requínoa", "cod_provincia": 28}}, {"model": "app.comuna", "pk": 151, "fields": {"nombre": "San Vicente de Tagua Tagua", "cod_provincia": 28}}, {"model": "app.comuna", "pk": 152, "fields": {"nombre": "Chépica", "cod_provincia": 29}}, {"model": "app.comuna", "pk": 153, "fields": {"nombre": "Chimbarongo", "cod_provincia": 29}}, {"model": "app.comuna", "pk": 154, "fields": {"nombre": "Lolol", "cod_provincia": 29}}, {"model": "app.comuna", "pk": 155, "fields": {"nombre": "Nancagua", "cod_provincia": 29}}, {"model": "app.comuna", "pk": 156, "fields": {"nombre": "Palmilla", "cod_provincia": 29}}, {"model": "app.comuna", "pk": 157, "fields": {"nombre": "Peralillo", "cod_provincia": 29}}, {"model": "app.comuna", "pk": 158, "fields": {"nombre": "Placilla", "cod_provincia": 29}}, {"model": "app.comuna", "pk": 159, "fields": {"nombre": "Pumanque", "cod_provincia": 29}}, {"model": "app.comuna", "pk": 160, "fields": {"nombre": "San Fernando", "cod_provincia": 29}}, {"model": "app.comuna", "pk": 161, "fields": {"nombre": "Santa Cruz", "cod_provincia": 29}}, {"model": "app.comuna", "pk": 162, "fields": {"nombre": "La Estrella", "cod_provincia": 30}}, {"model": "app.comuna", "pk": 163, "fields": {"nombre": "Litueche", "cod_provincia": 30}}, {"model": "app.comuna", "pk": 164, "fields": {"nombre": "Marchigüe", "cod_provincia": 30}}, {"model": "app.comuna", "pk": 165, "fields": {"nombre": "Navidad", "cod_provincia": 30}}, {"model": "app.comuna", "pk": 166, "fields": {"nombre": "Paredones", "cod_provincia": 30}}, {"model": "app.comuna", "pk": 167, "fields": {"nombre": "Pichilemu", "cod_provincia": 30}}, {"model": "app.comuna", "pk": 168, "fields": {"nombre": "Curicó", "cod_provincia": 31}}, {"model": "app.comuna", "pk": 169, "fields": {"nombre": "Hualañé", "cod_provincia": 31}}, {"model": "app.comuna", "pk": 170, "fields": {"nombre": "Licantén", "cod_provincia": 31}}, {"model": "app.comuna", "pk": 171, "fields": {"nombre": "Molina", "cod_provincia": 31}}, {"model": "app.comuna", "pk": 172, "fields": {"nombre": "Rauco", "cod_provincia": 31}}, {"model": "app.comuna", "pk": 173, "fields": {"nombre": "Romeral", "cod_provincia": 31}}, {"model": "app.comuna", "pk": 174, "fields": {"nombre": "Sagrada Familia", "cod_provincia": 31}}, {"model": "app.comuna", "pk": 175, "fields": {"nombre": "Teno", "cod_provincia": 31}}, {"model": "app.comuna", "pk": 176, "fields": {"nombre": "Vichuquén", "cod_provincia": 31}}, {"model": "app.comuna", "pk": 177, "fields": {"nombre": "Talca", "cod_provincia": 32}}, {"model": "app.comuna", "pk": 178, "fields": {"nombre": "San Clemente", "cod_provincia": 32}}, {"model": "app.comuna", "pk": 179, "fields": {"nombre": "Pelarco", "cod_provincia": 32}}, {"model": "app.comuna", "pk": 180, "fields": {"nombre": "Pencahue", "cod_provincia": 32}}, {"model": "app.comuna", "pk": 181, "fields": {"nombre": "Maule", "cod_provincia": 32}}, {"model": "app.comuna", "pk": 182, "fields": {"nombre": "San Rafael", "cod_provincia": 32}}, {"model": "app.comuna", "pk": 183, "fields": {"nombre": "Curepto", "cod_provincia": 33}}, {"model": "app.comuna", "pk": 184, "fields": {"nombre": "Constitución", "cod_provincia": 32}}, {"model": "app.comuna", "pk": 185, "fields": {"nombre": "Empedrado", "cod_provincia": 32}}, {"model": "app.comuna", "pk": 186, "fields": {"nombre": "Río Claro", "cod_provincia": 32}}, {"model": "app.comuna", "pk": 187, "fields": {"nombre": "Linares", "cod_provincia": 33}}, {"model": "app.comuna", "pk": 188, "fields": {"nombre": "San Javier", "cod_provincia": 33}}, {"model": "app.comuna", "pk": 189, "fields": {"nombre": "Parral", "cod_provincia": 33}}, {"model": "app.comuna", "pk": 190, "fields": {"nombre": "Villa Alegre", "cod_provincia": 33}}, {"model": "app.comuna", "pk": 191, "fields": {"nombre": "Longaví", "cod_provincia": 33}}, {"model": "app.comuna", "pk": 192, "fields": {"nombre": "Colbún", "cod_provincia": 33}}, {"model": "app.comuna", "pk": 193, "fields": {"nombre": "Retiro", "cod_provincia": 33}}, {"model": "app.comuna", "pk": 194, "fields": {"nombre": "Yerbas Buenas", "cod_provincia": 33}}, {"model": "app.comuna", "pk": 195, "fields": {"nombre": "Cauquenes", "cod_provincia": 34}}, {"model": "app.comuna", "pk": 196, "fields": {"nombre": "Chanco", "cod_provincia": 34}}, {"model": "app.comuna", "pk": 197, "fields": {"nombre": "Pelluhue", "cod_provincia": 34}}, {"model": "app.comuna", "pk": 198, "fields": {"nombre": "Bulnes", "cod_provincia": 35}}, {"model": "app.comuna", "pk": 199, "fields": {"nombre": "Chillán", "cod_provincia": 35}}, {"model": "app.comuna", "pk": 200, "fields": {"nombre": "Chillán Viejo", "cod_provincia": 35}}, {"model": "app.comuna", "pk": 201, "fields": {"nombre": "El Carmen", "cod_provincia": 35}}, {"model": "app.comuna", "pk": 202, "fields": {"nombre": "Pemuco", "cod_provincia": 35}}, {"model": "app.comuna", "pk": 203, "fields": {"nombre": "Pinto", "cod_provincia": 35}}, {"model": "app.comuna", "pk": 204, "fields": {"nombre": "Quillón", "cod_provincia": 35}}, {"model": "app.comuna", "pk": 205, "fields": {"nombre": "San Ignacio", "cod_provincia": 35}}, {"model": "app.comuna", "pk": 206, "fields": {"nombre": "Yungay", "cod_provincia": 35}}, {"model": "app.comuna", "pk": 207, "fields": {"nombre": "Cobquecura", "cod_provincia": 36}}, {"model": "app.comuna", "pk": 208, "fields": {"nombre": "Coelemu", "cod_provincia": 36}}, {"model": "app.comuna", "pk": 209, "fields": {"nombre": "Ninhue", "cod_provincia": 36}}, {"model": "app.comuna", "pk": 210, "fields": {"nombre": "Portezuelo", "cod_provincia": 36}}, {"model": "app.comuna", "pk": 211, "fields": {"nombre": "Quirihue", "cod_provincia": 36}}, {"model": "app.comuna", "pk": 212, "fields": {"nombre": "Ránquil", "cod_provincia": 36}}, {"model": "app.comuna", "pk": 213, "fields": {"nombre": "Treguaco", "cod_provincia": 36}}, {"model": "app.comuna", "pk": 214, "fields": {"nombre": "San Carlos", "cod_provincia": 37}}, {"model": "app.comuna", "pk": 215, "fields": {"nombre": "Coihueco", "cod_provincia": 37}}, {"model": "app.comuna", "pk": 216, "fields": {"nombre": "San Nicolás", "cod_provincia": 37}}, {"model": "app.comuna", "pk": 217, "fields": {"nombre": "Ñiquén", "cod_provincia": 37}}, {"model": "app.comuna", "pk": 218, "fields": {"nombre": "San Fabián", "cod_provincia": 37}}, {"model": "app.comuna", "pk": 219, "fields": {"nombre": "Alto Biobío", "cod_provincia": 38}}, {"model": "app.comuna", "pk": 220, "fields": {"nombre": "Antuco", "cod_provincia": 38}}, {"model": "app.comuna", "pk": 221, "fields": {"nombre": "Cabrero", "cod_provincia": 38}}, {"model": "app.comuna", "pk": 222, "fields": {"nombre": "Laja", "cod_provincia": 38}}, {"model": "app.comuna", "pk": 223, "fields": {"nombre": "Los Ángeles", "cod_provincia": 38}}, {"model": "app.comuna", "pk": 224, "fields": {"nombre": "Mulchén", "cod_provincia": 38}}, {"model": "app.comuna", "pk": 225, "fields": {"nombre": "Nacimiento", "cod_provincia": 38}}, {"model": "app.comuna", "pk": 226, "fields": {"nombre": "Negrete", "cod_provincia": 38}}, {"model": "app.comuna", "pk": 227, "fields": {"nombre": "Quilaco", "cod_provincia": 38}}, {"model": "app.comuna", "pk": 228, "fields": {"nombre": "Quilleco", "cod_provincia": 38}}, {"model": "app.comuna", "pk": 229, "fields": {"nombre": "San Rosendo", "cod_provincia": 38}}, {"model": "app.comuna", "pk": 230, "fields": {"nombre": "Santa Bárbara", "cod_provincia": 38}}, {"model": "app.comuna", "pk": 231, "fields": {"nombre": "Tucapel", "cod_provincia": 38}}, {"model": "app.comuna", "pk": 232, "fields": {"nombre": "Yumbel", "cod_provincia": 38}}, {"model": "app.comuna", "pk": 233, "fields": {"nombre": "Concepción", "cod_provincia": 39}}, {"model": "app.comuna", "pk": 234, "fields": {"nombre": "Coronel", "cod_provincia": 39}}, {"model": "app.comuna", "pk": 235, "fields": {"nombre": "Chiguayante", "cod_provincia": 39}}, {"model": "app.comuna", "pk": 236, "fields": {"nombre": "Florida", "cod_provincia": 39}}, {"model": "app.comuna", "pk": 237, "fields": {"nombre": "Hualpén", "cod_provincia": 39}}, {"model": "app.comuna", "pk": 238, "fields": {"nombre": "Hualqui", "cod_provincia": 39}}, {"model": "app.comuna", "pk": 239, "fields": {"nombre": "Lota", "cod_provincia": 39}}, {"model": "app.comuna", "pk": 240, "fields": {"nombre": "Penco", "cod_provincia": 39}}, {"model": "app.comuna", "pk": 241, "fields": {"nombre": "San Pedro de La Paz", "cod_provincia": 39}}, {"model": "app.comuna", "pk": 242, "fields": {"nombre": "Santa Juana", "cod_provincia": 39}}, {"model": "app.comuna", "pk": 243, "fields": {"nombre": "Talcahuano", "cod_provincia": 39}}, {"model": "app.comuna", "pk": 244, "fields": {"nombre": "Tomé", "cod_provincia": 39}}, {"model": "app.comuna", "pk": 245, "fields": {"nombre": "Arauco", "cod_provincia": 40}}, {"model": "app.comuna", "pk": 246, "fields": {"nombre": "Cañete", "cod_provincia": 40}}, {"model": "app.comuna", "pk": 247, "fields": {"nombre": "Contulmo", "cod_provincia": 40}}, {"model": "app.comuna", "pk": 248, "fields": {"nombre": "Curanilahue", "cod_provincia": 40}}, {"model": "app.comuna", "pk": 249, "fields": {"nombre": "Lebu", "cod_provincia": 40}}, {"model": "app.comuna", "pk": 250, "fields": {"nombre": "Los Álamos", "cod_provincia": 40}}, {"model": "app.comuna", "pk": 251, "fields": {"nombre": "Tirúa", "cod_provincia": 40}}, {"model": "app.comuna", "pk": 252, "fields": {"nombre": "Angol", "cod_provincia": 41}}, {"model": "app.comuna", "pk": 253, "fields": {"nombre": "Collipulli", "cod_provincia": 41}}, {"model": "app.comuna", "pk": 254, "fields": {"nombre": "Curacautín", "cod_provincia": 41}}, {"model": "app.comuna", "pk": 255, "fields": {"nombre": "Ercilla", "cod_provincia": 41}}, {"model": "app.comuna", "pk": 256, "fields": {"nombre": "Lonquimay", "cod_provincia": 41}}, {"model": "app.comuna", "pk": 257, "fields": {"nombre": "Los Sauces", "cod_provincia": 41}}, {"model": "app.comuna", "pk": 258, "fields": {"nombre": "Lumaco", "cod_provincia": 41}}, {"model": "app.comuna", "pk": 259, "fields": {"nombre": "Purén", "cod_provincia": 41}}, {"model": "app.comuna", "pk": 260, "fields": {"nombre": "Renaico", "cod_provincia": 41}}, {"model": "app.comuna", "pk": 261, "fields": {"nombre": "Traiguén", "cod_provincia": 41}}, {"model": "app.comuna", "pk": 262, "fields": {"nombre": "Victoria", "cod_provincia": 41}}, {"model": "app.comuna", "pk": 263, "fields": {"nombre": "Temuco", "cod_provincia": 42}}, {"model": "app.comuna", "pk": 264, "fields": {"nombre": "Carahue", "cod_provincia": 42}}, {"model": "app.comuna", "pk": 265, "fields": {"nombre": "Cholchol", "cod_provincia": 42}}, {"model": "app.comuna", "pk": 266, "fields": {"nombre": "Cunco", "cod_provincia": 42}}, {"model": "app.comuna", "pk": 267, "fields": {"nombre": "Curarrehue", "cod_provincia": 42}}, {"model": "app.comuna", "pk": 268, "fields": {"nombre": "Freire", "cod_provincia": 42}}, {"model": "app.comuna", "pk": 269, "fields": {"nombre": "Galvarino", "cod_provincia": 42}}, {"model": "app.comuna", "pk": 270, "fields": {"nombre": "Gorbea", "cod_provincia": 42}}, {"model": "app.comuna", "pk": 271, "fields": {"nombre": "Lautaro", "cod_provincia": 42}}, {"model": "app.comuna", "pk": 272, "fields": {"nombre": "Loncoche", "cod_provincia": 42}}, {"model": "app.comuna", "pk": 273, "fields": {"nombre": "Melipeuco", "cod_provincia": 42}}, {"model": "app.comuna", "pk": 274, "fields": {"nombre": "Nueva Imperial", "cod_provincia": 42}}, {"model": "app.comuna", "pk": 275, "fields": {"nombre": "Padre Las Casas", "cod_provincia": 42}}, {"model": "app.comuna", "pk": 276, "fields": {"nombre": "Perquenco", "cod_provincia": 42}}, {"model": "app.comuna", "pk": 277, "fields": {"nombre": "Pitrufquén", "cod_provincia": 42}}, {"model": "app.comuna", "pk": 278, "fields": {"nombre": "Pucón", "cod_provincia": 42}}, {"model": "app.comuna", "pk": 279, "fields": {"nombre": "Saavedra", "cod_provincia": 42}}, {"model": "app.comuna", "pk": 280, "fields": {"nombre": "Teodoro Schmidt", "cod_provincia": 42}}, {"model": "app.comuna", "pk": 281, "fields": {"nombre": "Toltén", "cod_provincia": 42}}, {"model": "app.comuna", "pk": 282, "fields": {"nombre": "Vilcún", "cod_provincia": 42}}, {"model": "app.comuna", "pk": 283, "fields": {"nombre": "Villarrica", "cod_provincia": 42}}, {"model": "app.comuna", "pk": 284, "fields": {"nombre": "Valdivia", "cod_provincia": 43}}, {"model": "app.comuna", "pk": 285, "fields": {"nombre": "Corral", "cod_provincia": 43}}, {"model": "app.comuna", "pk": 286, "fields": {"nombre": "Lanco", "cod_provincia": 43}}, {"model": "app.comuna", "pk": 287, "fields": {"nombre": "Los Lagos", "cod_provincia": 43}}, {"model": "app.comuna", "pk": 288, "fields": {"nombre": "Máfil", "cod_provincia": 43}}, {"model": "app.comuna", "pk": 289, "fields": {"nombre": "Mariquina", "cod_provincia": 43}}, {"model": "app.comuna", "pk": 290, "fields": {"nombre": "Paillaco", "cod_provincia": 43}}, {"model": "app.comuna", "pk": 291, "fields": {"nombre": "Panguipulli", "cod_provincia": 43}}, {"model": "app.comuna", "pk": 292, "fields": {"nombre": "La Unión", "cod_provincia": 44}}, {"model": "app.comuna", "pk": 293, "fields": {"nombre": "Futrono", "cod_provincia": 44}}, {"model": "app.comuna", "pk": 294, "fields": {"nombre": "Lago Ranco", "cod_provincia": 44}}, {"model": "app.comuna", "pk": 295, "fields": {"nombre": "Río Bueno", "cod_provincia": 44}}, {"model": "app.comuna", "pk": 297, "fields": {"nombre": "Osorno", "cod_provincia": 45}}, {"model": "app.comuna", "pk": 298, "fields": {"nombre": "Puerto Octay", "cod_provincia": 45}}, {"model": "app.comuna", "pk": 299, "fields": {"nombre": "Purranque", "cod_provincia": 45}}, {"model": "app.comuna", "pk": 300, "fields": {"nombre": "Puyehue", "cod_provincia": 45}}, {"model": "app.comuna", "pk": 301, "fields": {"nombre": "Río Negro", "cod_provincia": 45}}, {"model": "app.comuna", "pk": 302, "fields": {"nombre": "San Juan de la Costa", "cod_provincia": 45}}, {"model": "app.comuna", "pk": 303, "fields": {"nombre": "San Pablo", "cod_provincia": 45}}, {"model": "app.comuna", "pk": 304, "fields": {"nombre": "Calbuco", "cod_provincia": 46}}, {"model": "app.comuna", "pk": 305, "fields": {"nombre": "Cochamó", "cod_provincia": 46}}, {"model": "app.comuna", "pk": 306, "fields": {"nombre": "Fresia", "cod_provincia": 46}}, {"model": "app.comuna", "pk": 307, "fields": {"nombre": "Frutillar", "cod_provincia": 46}}, {"model": "app.comuna", "pk": 308, "fields": {"nombre": "Llanquihue", "cod_provincia": 46}}, {"model": "app.comuna", "pk": 309, "fields": {"nombre": "Los Muermos", "cod_provincia": 46}}, {"model": "app.comuna", "pk": 310, "fields": {"nombre": "Maullín", "cod_provincia": 46}}, {"model": "app.comuna", "pk": 311, "fields": {"nombre": "Puerto Montt", "cod_provincia": 46}}, {"model": "app.comuna", "pk": 312, "fields": {"nombre": "Puerto Varas", "cod_provincia": 46}}, {"model": "app.comuna", "pk": 313, "fields": {"nombre": "Ancud", "cod_provincia": 47}}, {"model": "app.comuna", "pk": 314, "fields": {"nombre": "Castro", "cod_provincia": 47}}, {"model": "app.comuna", "pk": 315, "fields": {"nombre": "Chonchi", "cod_provincia": 47}}, {"model": "app.comuna", "pk": 316, "fields": {"nombre": "Curaco de Vélez", "cod_provincia": 47}}, {"model": "app.comuna", "pk": 317, "fields": {"nombre": "Dalcahue", "cod_provincia": 47}}, {"model": "app.comuna", "pk": 318, "fields": {"nombre": "Puqueldón", "cod_provincia": 47}}, {"model": "app.comuna", "pk": 319, "fields": {"nombre": "Queilén", "cod_provincia": 47}}, {"model": "app.comuna", "pk": 320, "fields": {"nombre": "Quellón", "cod_provincia": 47}}, {"model": "app.comuna", "pk": 321, "fields": {"nombre": "Quemchi", "cod_provincia": 47}}, {"model": "app.comuna", "pk": 322, "fields": {"nombre": "Quinchao", "cod_provincia": 47}}, {"model": "app.comuna", "pk": 323, "fields": {"nombre": "Chaitén", "cod_provincia": 48}}, {"model": "app.comuna", "pk": 324, "fields": {"nombre": "Futaleufú", "cod_provincia": 48}}, {"model": "app.comuna", "pk": 325, "fields": {"nombre": "Hualaihué", "cod_provincia": 48}}, {"model": "app.comuna", "pk": 326, "fields": {"nombre": "Palena", "cod_provincia": 48}}, {"model": "app.comuna", "pk": 327, "fields": {"nombre": "Lago Verde", "cod_provincia": 49}}, {"model": "app.comuna", "pk": 328, "fields": {"nombre": "Coihaique", "cod_provincia": 49}}, {"model": "app.comuna", "pk": 329, "fields": {"nombre": "Aysén", "cod_provincia": 50}}, {"model": "app.comuna", "pk": 330, "fields": {"nombre": "Cisnes", "cod_provincia": 50}}, {"model": "app.comuna", "pk": 331, "fields": {"nombre": "Guaitecas", "cod_provincia": 50}}, {"model": "app.comuna", "pk": 332, "fields": {"nombre": "Río Ibáñez", "cod_provincia": 51}}, {"model": "app.comuna", "pk": 333, "fields": {"nombre": "Chile Chico", "cod_provincia": 51}}, {"model": "app.comuna", "pk": 334, "fields": {"nombre": "Cochrane", "cod_provincia": 52}}, {"model": "app.comuna", "pk": 335, "fields": {"nombre": "OHiggins", "cod_provincia": 52}}, {"model": "app.comuna", "pk": 336, "fields": {"nombre": "Tortel", "cod_provincia": 52}}, {"model": "app.comuna", "pk": 337, "fields": {"nombre": "Natales", "cod_provincia": 53}}, {"model": "app.comuna", "pk": 338, "fields": {"nombre": "Torres del Paine", "cod_provincia": 53}}, {"model": "app.comuna", "pk": 339, "fields": {"nombre": "Laguna Blanca", "cod_provincia": 54}}, {"model": "app.comuna", "pk": 340, "fields": {"nombre": "Punta Arenas", "cod_provincia": 54}}, {"model": "app.comuna", "pk": 341, "fields": {"nombre": "Río Verde", "cod_provincia": 54}}, {"model": "app.comuna", "pk": 342, "fields": {"nombre": "San Gregorio", "cod_provincia": 54}}, {"model": "app.comuna", "pk": 343, "fields": {"nombre": "Porvenir", "cod_provincia": 55}}, {"model": "app.comuna", "pk": 344, "fields": {"nombre": "Primavera", "cod_provincia": 55}}, {"model": "app.comuna", "pk": 345, "fields": {"nombre": "Timaukel", "cod_provincia": 55}}, {"model": "app.comuna", "pk": 346, "fields": {"nombre": "Cabo de Hornos", "cod_provincia": 56}}, {"model": "app.comuna", "pk": 347, "fields": {"nombre": "Antártica", "cod_provincia": 56}}, {"model": "app.sucursal", "pk": 1, "fields": {"nombre": "Collao", "direccion": "Collao 1948", "lat": "-36.8225904", "lon": "-73.0055728", "activo": true, "es_terminal": true, "es_recaudador": true}}, {"model": "app.sucursal", "pk": 2, "fields": {"nombre": "Lota", "direccion": "Por alla 11122", "lat": "11.0000000", "lon": "11.0000000", "activo": true, "es_terminal": true, "es_recaudador": false}}, {"model": "app.sucursal", "pk": 3, "fields": {"nombre": "Arauco", "direccion": "Nose", "lat": "1.0000000", "lon": "1.0000000", "activo": true, "es_terminal": true, "es_recaudador": false}}, {"model": "app.sucursal", "pk": 4, "fields": {"nombre": "Barros Arana", "direccion": "Barros Arana 1359", "lat": "1.0000000", "lon": "1.0000000", "activo": true, "es_terminal": false, "es_recaudador": false}}, {"model": "conductores.conductor", "pk": 1, "fields": {"nombre": "Juan", "apellidos": "Perez", "rut": "12.312.313-3", "direccion": "Nada 123", "comuna": 284, "region": 13, "telefono": "123123123", "email": "juan@mail.com", "licencia": "A2 19", "venc_licencia": "2021-05-29", "foto": "fotos_conductores/Davidson.jpg", "activo": true}}, {"model": "conductores.conductor", "pk": 2, "fields": {"nombre": "Luis", "apellidos": "Rondon", "rut": "23.123.123-1", "direccion": "Nadia 1234", "comuna": 62, "region": 6, "telefono": "123131231", "email": "luis@mail.com", "licencia": "A2 20", "venc_licencia": "2022-04-09", "foto": "fotos_conductores/selfie.jpeg", "activo": true}}, {"model": "conductores.conductor", "pk": 3, "fields": {"nombre": "Luis", "apellidos": "Ramirez", "rut": "26.997.662-3", "direccion": "Donde sea", "comuna": 233, "region": 0, "telefono": "912123123", "email": "lios@luos.com", "licencia": "A2 19", "venc_licencia": "2022-01-21", "foto": "", "activo": true}}, {"model": "conductores.conductor", "pk": 4, "fields": {"nombre": "Juan", "apellidos": "Mendez", "rut": "90.123.123-1", "direccion": "Ahi mismo 123", "comuna": 233, "region": 11, "telefono": "912333123", "email": "juan@juan.com", "licencia": "A2 20", "venc_licencia": "2022-12-23", "foto": "fotos_conductores/image.jpg", "activo": true}}, {"model": "conductores.auxiliar", "pk": 1, "fields": {"nombre": "Luis", "apellidos": "Malfurion", "rut": "12.398.731-2", "direccion": "Por alla 1123", "comuna": 238, "region": 11, "telefono": "999123123", "email": "example@example.com", "activo": true, "foto": "fotos_auxiliares/583966108e9ee3e70423cdeeab1d5cf4.jpg"}}, {"model": "conductores.auxiliar", "pk": 2, "fields": {"nombre": "David", "apellidos": "Hasselhoff", "rut": "34.511.223-3", "direccion": "Alla mismo 1234", "comuna": 214, "region": 10, "telefono": "991231231", "email": "hass@asasd.com", "activo": true, "foto": "fotos_auxiliares/guardia.gif"}}, {"model": "buses.vehiculo", "pk": 1, "fields": {"patente": "JYBJ26", "u_patente": null, "marca": "VOLKSWAGEN", "modelo": "9160 OD 4X2 EURO 5", "ano": 2018, "ven_revision": "2021-11-22", "nro": 12, "foto": "fotos_vehiculos/12.png", "t_salida": 1, "es_activo": true, "id_propietario": 1}}, {"model": "buses.vehiculo", "pk": 2, "fields": {"patente": "HJPY68", "u_patente": null, "marca": "SUNLONG", "modelo": "PUKARA SLK 6875", "ano": 2015, "ven_revision": "2022-03-16", "nro": 1100, "foto": "fotos_vehiculos/18.png", "t_salida": 1, "es_activo": true, "id_propietario": 3}}, {"model": "buses.vehiculo", "pk": 3, "fields": {"patente": "GLZD59", "u_patente": null, "marca": "MERCEDES BENZ", "modelo": "LO916", "ano": 2015, "ven_revision": "2022-03-26", "nro": 1101, "foto": "fotos_vehiculos/38.png", "t_salida": 1, "es_activo": true, "id_propietario": 3}}, {"model": "buses.vehiculo", "pk": 4, "fields": {"patente": "YX2259", "u_patente": null, "marca": "M.BENZ", "modelo": "LO 914", "ano": 2005, "ven_revision": "2022-04-21", "nro": 1164, "foto": "fotos_vehiculos/64.png", "t_salida": 1, "es_activo": true, "id_propietario": 1}}, {"model": "propietarios.propietario", "pk": 1, "fields": {"nombre": "Manuel", "apellidos": "Prueba", "rut": "99.999.999-9", "direccion": "Donde sea 123", "comuna": 227, "region": 11, "telefono": "912341234", "email": "prueba@prueba.com", "activo": true}}, {"model": "propietarios.propietario", "pk": 2, "fields": {"nombre": "Luis", "apellidos": "Perez", "rut": "99.111.111-1", "direccion": "Donde sea 123", "comuna": 30, "region": 5, "telefono": "123123123", "email": "prueba2@prueba2.com", "activo": true}}, {"model": "propietarios.propietario", "pk": 3, "fields": {"nombre": "Luis", "apellidos": "Perez3", "rut": "99.112.223-3", "direccion": "Los que sea 123", "comuna": 116, "region": 7, "telefono": "991231231", "email": "prueba3@prueba3.com", "activo": true}}, {"model": "propietarios.propietario", "pk": 4, "fields": {"nombre": "Manua", "apellidos": "Perez robles", "rut": "91.111.111-1", "direccion": "donde sea 123312", "comuna": 11, "region": 2, "telefono": "919231231", "email": "hola@hgola.com", "activo": false}}, {"model": "recorridos.tipo_pago", "pk": 7, "fields": {"nombre": "Efectivo", "descripcion": "Pagados en Moneda Local", "es_vigente": true}}, {"model": "recorridos.pago_planilla", "pk": 1, "fields": {"tiene_descuento": false, "valor": 13000, "fecha_pago": "2021-12-28T15:31:06.434Z", "tipo_pago": 7, "id_user": 2, "pagada": true, "id_rendicion_cuentas": null}}, {"model": "recorridos.pago_planilla", "pk": 2, "fields": {"tiene_descuento": false, "valor": 13000, "fecha_pago": "2021-12-29T14:38:49.358Z", "tipo_pago": 7, "id_user": 2, "pagada": true, "id_rendicion_cuentas": null}}, {"model": "recorridos.pago_planilla", "pk": 3, "fields": {"tiene_descuento": false, "valor": 13000, "fecha_pago": "2021-12-30T14:32:38.220Z", "tipo_pago": 7, "id_user": 2, "pagada": true, "id_rendicion_cuentas": null}}, {"model": "recorridos.pago_planilla", "pk": 4, "fields": {"tiene_descuento": false, "valor": 13000, "fecha_pago": "2021-12-30T14:41:18.773Z", "tipo_pago": 7, "id_user": 2, "pagada": true, "id_rendicion_cuentas": null}}, {"model": "recorridos.pago_planilla", "pk": 5, "fields": {"tiene_descuento": false, "valor": 13000, "fecha_pago": "2021-12-30T14:57:35.505Z", "tipo_pago": 7, "id_user": 2, "pagada": true, "id_rendicion_cuentas": null}}, {"model": "recorridos.pago_planilla", "pk": 6, "fields": {"tiene_descuento": false, "valor": 13000, "fecha_pago": "2021-12-30T15:06:27.958Z", "tipo_pago": 7, "id_user": 2, "pagada": true, "id_rendicion_cuentas": null}}, {"model": "recorridos.pago_planilla", "pk": 7, "fields": {"tiene_descuento": false, "valor": 13000, "fecha_pago": "2021-12-30T15:07:17.905Z", "tipo_pago": 7, "id_user": 2, "pagada": true, "id_rendicion_cuentas": null}}, {"model": "recorridos.pago_planilla", "pk": 8, "fields": {"tiene_descuento": false, "valor": 13000, "fecha_pago": "2021-12-30T15:08:27.883Z", "tipo_pago": 7, "id_user": 2, "pagada": true, "id_rendicion_cuentas": null}}, {"model": "recorridos.pago_planilla", "pk": 9, "fields": {"tiene_descuento": false, "valor": 13000, "fecha_pago": "2021-12-30T15:09:49.828Z", "tipo_pago": 7, "id_user": 2, "pagada": true, "id_rendicion_cuentas": null}}, {"model": "recorridos.pago_planilla", "pk": 10, "fields": {"tiene_descuento": false, "valor": 13000, "fecha_pago": "2021-12-30T15:10:51.478Z", "tipo_pago": 7, "id_user": 2, "pagada": true, "id_rendicion_cuentas": null}}, {"model": "recorridos.pago_planilla", "pk": 11, "fields": {"tiene_descuento": false, "valor": 13000, "fecha_pago": "2021-12-30T15:15:10.761Z", "tipo_pago": 7, "id_user": 2, "pagada": true, "id_rendicion_cuentas": null}}, {"model": "recorridos.pago_planilla", "pk": 12, "fields": {"tiene_descuento": false, "valor": 13000, "fecha_pago": "2021-12-30T15:17:16.052Z", "tipo_pago": 7, "id_user": 2, "pagada": true, "id_rendicion_cuentas": null}}, {"model": "recorridos.pago_planilla", "pk": 13, "fields": {"tiene_descuento": false, "valor": 13000, "fecha_pago": "2021-12-30T15:18:55.668Z", "tipo_pago": 7, "id_user": 2, "pagada": true, "id_rendicion_cuentas": null}}, {"model": "recorridos.pago_planilla", "pk": 14, "fields": {"tiene_descuento": false, "valor": 13000, "fecha_pago": "2021-12-30T15:20:36.072Z", "tipo_pago": 7, "id_user": 2, "pagada": true, "id_rendicion_cuentas": null}}, {"model": "recorridos.pago_planilla", "pk": 15, "fields": {"tiene_descuento": false, "valor": 13000, "fecha_pago": "2021-12-30T15:20:39.770Z", "tipo_pago": 7, "id_user": 2, "pagada": true, "id_rendicion_cuentas": null}}, {"model": "recorridos.pago_planilla", "pk": 16, "fields": {"tiene_descuento": false, "valor": 13000, "fecha_pago": "2021-12-30T15:20:42.564Z", "tipo_pago": 7, "id_user": 2, "pagada": true, "id_rendicion_cuentas": null}}, {"model": "recorridos.pago_planilla", "pk": 17, "fields": {"tiene_descuento": false, "valor": 13000, "fecha_pago": "2021-12-30T15:20:44.839Z", "tipo_pago": 7, "id_user": 2, "pagada": true, "id_rendicion_cuentas": null}}, {"model": "recorridos.pago_planilla", "pk": 18, "fields": {"tiene_descuento": false, "valor": 13000, "fecha_pago": "2021-12-30T15:29:32.770Z", "tipo_pago": 7, "id_user": 2, "pagada": true, "id_rendicion_cuentas": null}}, {"model": "recorridos.pago_planilla", "pk": 19, "fields": {"tiene_descuento": false, "valor": 13000, "fecha_pago": "2021-12-30T15:36:59.289Z", "tipo_pago": 7, "id_user": 2, "pagada": true, "id_rendicion_cuentas": null}}, {"model": "recorridos.pago_planilla", "pk": 20, "fields": {"tiene_descuento": false, "valor": 13000, "fecha_pago": "2021-12-30T15:38:19.079Z", "tipo_pago": 7, "id_user": 2, "pagada": true, "id_rendicion_cuentas": null}}, {"model": "recorridos.pago_planilla", "pk": 21, "fields": {"tiene_descuento": false, "valor": 13000, "fecha_pago": "2021-12-30T15:41:43.270Z", "tipo_pago": 7, "id_user": 2, "pagada": true, "id_rendicion_cuentas": null}}, {"model": "recorridos.pago_planilla", "pk": 22, "fields": {"tiene_descuento": false, "valor": 13000, "fecha_pago": "2021-12-30T15:47:04.450Z", "tipo_pago": 7, "id_user": 2, "pagada": true, "id_rendicion_cuentas": null}}, {"model": "recorridos.pago_planilla", "pk": 23, "fields": {"tiene_descuento": false, "valor": 13000, "fecha_pago": "2021-12-30T16:00:58.468Z", "tipo_pago": 7, "id_user": 2, "pagada": true, "id_rendicion_cuentas": null}}, {"model": "recorridos.pago_planilla", "pk": 24, "fields": {"tiene_descuento": false, "valor": 13000, "fecha_pago": "2021-12-30T16:01:56.316Z", "tipo_pago": 7, "id_user": 2, "pagada": true, "id_rendicion_cuentas": null}}, {"model": "recorridos.pago_planilla", "pk": 25, "fields": {"tiene_descuento": false, "valor": 13000, "fecha_pago": "2021-12-30T16:02:23.592Z", "tipo_pago": 7, "id_user": 2, "pagada": true, "id_rendicion_cuentas": null}}, {"model": "recorridos.pago_planilla", "pk": 26, "fields": {"tiene_descuento": false, "valor": 13000, "fecha_pago": "2021-12-30T16:04:13.668Z", "tipo_pago": 7, "id_user": 2, "pagada": true, "id_rendicion_cuentas": null}}, {"model": "recorridos.pago_planilla", "pk": 27, "fields": {"tiene_descuento": false, "valor": 13000, "fecha_pago": "2021-12-30T16:07:01.776Z", "tipo_pago": 7, "id_user": 2, "pagada": true, "id_rendicion_cuentas": null}}, {"model": "recorridos.pago_planilla", "pk": 28, "fields": {"tiene_descuento": false, "valor": 13000, "fecha_pago": "2021-12-30T16:08:29.102Z", "tipo_pago": 7, "id_user": 2, "pagada": true, "id_rendicion_cuentas": null}}, {"model": "recorridos.pago_planilla", "pk": 29, "fields": {"tiene_descuento": false, "valor": 13000, "fecha_pago": "2022-01-03T13:39:06.095Z", "tipo_pago": 7, "id_user": 2, "pagada": true, "id_rendicion_cuentas": null}}, {"model": "recorridos.pago_planilla", "pk": 30, "fields": {"tiene_descuento": false, "valor": 13000, "fecha_pago": "2022-01-03T13:39:25.628Z", "tipo_pago": 7, "id_user": 2, "pagada": true, "id_rendicion_cuentas": null}}, {"model": "recorridos.pago_planilla", "pk": 31, "fields": {"tiene_descuento": false, "valor": 13000, "fecha_pago": "2022-01-03T13:40:37.041Z", "tipo_pago": 7, "id_user": 2, "pagada": true, "id_rendicion_cuentas": null}}, {"model": "recorridos.pago_planilla", "pk": 32, "fields": {"tiene_descuento": false, "valor": 13000, "fecha_pago": "2022-01-03T13:43:34.506Z", "tipo_pago": 7, "id_user": 2, "pagada": true, "id_rendicion_cuentas": null}}, {"model": "recorridos.pago_planilla", "pk": 33, "fields": {"tiene_descuento": false, "valor": 13000, "fecha_pago": "2022-01-03T13:44:36.393Z", "tipo_pago": 7, "id_user": 2, "pagada": true, "id_rendicion_cuentas": null}}, {"model": "recorridos.pago_planilla", "pk": 34, "fields": {"tiene_descuento": false, "valor": 13000, "fecha_pago": "2022-01-03T13:49:04.597Z", "tipo_pago": 7, "id_user": 2, "pagada": true, "id_rendicion_cuentas": null}}, {"model": "recorridos.pago_planilla", "pk": 35, "fields": {"tiene_descuento": false, "valor": 13000, "fecha_pago": "2022-01-03T13:51:23.047Z", "tipo_pago": 7, "id_user": 2, "pagada": true, "id_rendicion_cuentas": null}}, {"model": "recorridos.pago_planilla", "pk": 36, "fields": {"tiene_descuento": false, "valor": 13000, "fecha_pago": "2022-01-03T13:51:46.105Z", "tipo_pago": 7, "id_user": 2, "pagada": true, "id_rendicion_cuentas": null}}, {"model": "recorridos.pago_planilla", "pk": 37, "fields": {"tiene_descuento": false, "valor": 13000, "fecha_pago": "2022-01-03T13:53:00.430Z", "tipo_pago": 7, "id_user": 2, "pagada": true, "id_rendicion_cuentas": null}}, {"model": "recorridos.pago_planilla", "pk": 38, "fields": {"tiene_descuento": false, "valor": 13000, "fecha_pago": "2022-01-03T13:55:32.482Z", "tipo_pago": 7, "id_user": 2, "pagada": true, "id_rendicion_cuentas": null}}, {"model": "recorridos.pago_planilla", "pk": 39, "fields": {"tiene_descuento": false, "valor": 13000, "fecha_pago": "2022-01-03T13:55:53.883Z", "tipo_pago": 7, "id_user": 2, "pagada": true, "id_rendicion_cuentas": null}}, {"model": "recorridos.pago_planilla", "pk": 40, "fields": {"tiene_descuento": false, "valor": 13000, "fecha_pago": "2022-01-04T13:12:00.722Z", "tipo_pago": 7, "id_user": 2, "pagada": true, "id_rendicion_cuentas": null}}, {"model": "recorridos.pago_planilla", "pk": 41, "fields": {"tiene_descuento": false, "valor": 13000, "fecha_pago": "2022-01-04T16:01:33.331Z", "tipo_pago": 7, "id_user": 2, "pagada": true, "id_rendicion_cuentas": null}}, {"model": "recorridos.pago_planilla", "pk": 42, "fields": {"tiene_descuento": false, "valor": 13000, "fecha_pago": "2022-01-04T16:35:23.576Z", "tipo_pago": 7, "id_user": 2, "pagada": true, "id_rendicion_cuentas": null}}, {"model": "recorridos.pago_planilla", "pk": 43, "fields": {"tiene_descuento": false, "valor": 13000, "fecha_pago": "2022-01-06T16:46:12.776Z", "tipo_pago": 7, "id_user": 2, "pagada": true, "id_rendicion_cuentas": null}}, {"model": "recorridos.pago_planilla", "pk": 44, "fields": {"tiene_descuento": false, "valor": 13000, "fecha_pago": "2022-01-11T15:10:17.303Z", "tipo_pago": 7, "id_user": 2, "pagada": true, "id_rendicion_cuentas": null}}, {"model": "recorridos.pago_planilla", "pk": 45, "fields": {"tiene_descuento": false, "valor": 13000, "fecha_pago": "2022-01-11T15:27:37.106Z", "tipo_pago": 7, "id_user": 2, "pagada": true, "id_rendicion_cuentas": null}}, {"model": "recorridos.servicio", "pk": 1, "fields": {"nombre": "Concepcion - Lota", "es_vigente": true, "valor_planilla": 13000, "distancia": 45, "tiempo": "01:00:00", "terminal_a": 2, "terminal_b": 1}}, {"model": "recorridos.servicio", "pk": 6, "fields": {"nombre": "Concepcion - Arauco", "es_vigente": true, "valor_planilla": 13000, "distancia": 80, "tiempo": "01:00:00", "terminal_a": 3, "terminal_b": 1}}, {"model": "recorridos.servicio", "pk": 7, "fields": {"nombre": "Concepcion - Tubul", "es_vigente": false, "valor_planilla": 13000, "distancia": 98, "tiempo": "01:00:00", "terminal_a": 1, "terminal_b": 1}}, {"model": "recorridos.servicio", "pk": 8, "fields": {"nombre": "Concepcion - Llico", "es_vigente": false, "valor_planilla": 13000, "distancia": 109, "tiempo": "01:00:00", "terminal_a": 1, "terminal_b": 1}}, {"model": "recorridos.servicio", "pk": 9, "fields": {"nombre": "Concepcion - Punta Lavapie", "es_vigente": false, "valor_planilla": 13000, "distancia": 90, "tiempo": "01:00:00", "terminal_a": 1, "terminal_b": 1}}, {"model": "recorridos.servicio", "pk": 10, "fields": {"nombre": "Concepcion - Curanilahue", "es_vigente": false, "valor_planilla": 13000, "distancia": 102, "tiempo": "01:00:00", "terminal_a": 1, "terminal_b": 1}}, {"model": "recorridos.servicio", "pk": 11, "fields": {"nombre": "Concepcion - Lebu", "es_vigente": false, "valor_planilla": 13000, "distancia": 140, "tiempo": "01:00:00", "terminal_a": 1, "terminal_b": 1}}, {"model": "recorridos.planilla", "pk": 4, "fields": {"nro_control": 1, "fecha_planilla": "2021-11-25", "id_pago_planilla": 37, "id_vehiculo": 2, "id_recorrido": 1, "id_user": 2, "fecha_venta": "2021-11-25T15:50:38.325Z", "revalidada": null, "id_conductor": 4, "es_pirata": false}}, {"model": "recorridos.planilla", "pk": 5, "fields": {"nro_control": 2, "fecha_planilla": "2021-11-29", "id_pago_planilla": 38, "id_vehiculo": 3, "id_recorrido": 6, "id_user": 2, "fecha_venta": "2021-11-29T15:13:15.676Z", "revalidada": null, "id_conductor": 4, "es_pirata": false}}, {"model": "recorridos.planilla", "pk": 6, "fields": {"nro_control": 3, "fecha_planilla": "2021-12-03", "id_pago_planilla": 39, "id_vehiculo": 4, "id_recorrido": 1, "id_user": 2, "fecha_venta": "2021-12-03T13:13:01.681Z", "revalidada": null, "id_conductor": 2, "es_pirata": false}}, {"model": "recorridos.planilla", "pk": 7, "fields": {"nro_control": 4, "fecha_planilla": "2022-01-03", "id_pago_planilla": 40, "id_vehiculo": 3, "id_recorrido": 6, "id_user": 2, "fecha_venta": "2022-01-03T13:59:10.138Z", "revalidada": null, "id_conductor": 4, "es_pirata": false}}, {"model": "recorridos.planilla", "pk": 8, "fields": {"nro_control": 5, "fecha_planilla": "2022-01-04", "id_pago_planilla": 41, "id_vehiculo": 3, "id_recorrido": 6, "id_user": 2, "fecha_venta": "2022-01-04T13:12:35.583Z", "revalidada": null, "id_conductor": 4, "es_pirata": false}}, {"model": "recorridos.planilla", "pk": 9, "fields": {"nro_control": 6, "fecha_planilla": "2022-01-04", "id_pago_planilla": 42, "id_vehiculo": 4, "id_recorrido": 1, "id_user": 2, "fecha_venta": "2022-01-04T14:12:39.865Z", "revalidada": null, "id_conductor": 4, "es_pirata": false}}, {"model": "recorridos.planilla", "pk": 10, "fields": {"nro_control": 7, "fecha_planilla": "2022-01-06", "id_pago_planilla": 44, "id_vehiculo": 3, "id_recorrido": 6, "id_user": 2, "fecha_venta": "2022-01-06T14:22:00.362Z", "revalidada": null, "id_conductor": 3, "es_pirata": false}}, {"model": "recorridos.planilla", "pk": 11, "fields": {"nro_control": 8, "fecha_planilla": "2022-01-06", "id_pago_planilla": 43, "id_vehiculo": 2, "id_recorrido": 1, "id_user": 2, "fecha_venta": "2022-01-06T16:11:20.152Z", "revalidada": null, "id_conductor": 2, "es_pirata": false}}, {"model": "recorridos.planilla", "pk": 12, "fields": {"nro_control": 9, "fecha_planilla": "2022-01-06", "id_pago_planilla": 45, "id_vehiculo": 4, "id_recorrido": 6, "id_user": 2, "fecha_venta": "2022-01-06T16:11:41.159Z", "revalidada": null, "id_conductor": 4, "es_pirata": false}}, {"model": "recorridos.despacho", "pk": 8, "fields": {"id_conductor": 4, "id_auxiliar": 1, "id_planilla": 4, "variante": 1, "hora_asignacion": "2021-11-25T15:50:38.331Z", "fecha_despacho": "2021-11-25", "hora_salida": "12:40:00", "hora_llegada": null, "id_usuario": 2, "id_destino": 2, "id_recorrido": 1, "id_origen": 1, "id_suc_despacho": 1, "id_vehiculo": 2}}, {"model": "recorridos.despacho", "pk": 9, "fields": {"id_conductor": 4, "id_auxiliar": 2, "id_planilla": 5, "variante": 1, "hora_asignacion": "2021-11-29T15:13:15.680Z", "fecha_despacho": "2021-11-29", "hora_salida": "12:10:00", "hora_llegada": null, "id_usuario": 2, "id_destino": 3, "id_recorrido": 6, "id_origen": 1, "id_suc_despacho": 1, "id_vehiculo": 3}}, {"model": "recorridos.despacho", "pk": 10, "fields": {"id_conductor": 2, "id_auxiliar": 1, "id_planilla": 6, "variante": 1, "hora_asignacion": "2021-12-03T13:13:01.685Z", "fecha_despacho": "2021-12-03", "hora_salida": "12:00:00", "hora_llegada": null, "id_usuario": 2, "id_destino": 2, "id_recorrido": 1, "id_origen": 1, "id_suc_despacho": 1, "id_vehiculo": 4}}, {"model": "recorridos.despacho", "pk": 11, "fields": {"id_conductor": 4, "id_auxiliar": 2, "id_planilla": 6, "variante": 2, "hora_asignacion": "2021-12-03T16:30:51.408Z", "fecha_despacho": "2021-12-03", "hora_salida": "11:39:00", "hora_llegada": null, "id_usuario": 2, "id_destino": 2, "id_recorrido": 1, "id_origen": 1, "id_suc_despacho": 1, "id_vehiculo": 4}}, {"model": "recorridos.despacho", "pk": 12, "fields": {"id_conductor": 4, "id_auxiliar": 2, "id_planilla": 6, "variante": 1, "hora_asignacion": "2021-12-03T16:33:02.284Z", "fecha_despacho": "2021-12-03", "hora_salida": "11:39:00", "hora_llegada": null, "id_usuario": 2, "id_destino": 2, "id_recorrido": 1, "id_origen": 1, "id_suc_despacho": 1, "id_vehiculo": 4}}, {"model": "recorridos.despacho", "pk": 13, "fields": {"id_conductor": 4, "id_auxiliar": 1, "id_planilla": 7, "variante": 1, "hora_asignacion": "2022-01-03T13:59:10.169Z", "fecha_despacho": "2022-01-03", "hora_salida": "12:35:00", "hora_llegada": null, "id_usuario": 2, "id_destino": 3, "id_recorrido": 6, "id_origen": 1, "id_suc_despacho": 1, "id_vehiculo": 3}}, {"model": "recorridos.despacho", "pk": 14, "fields": {"id_conductor": 4, "id_auxiliar": 2, "id_planilla": 8, "variante": 1, "hora_asignacion": "2022-01-04T13:12:35.589Z", "fecha_despacho": "2022-01-04", "hora_salida": "10:30:00", "hora_llegada": null, "id_usuario": 2, "id_destino": 3, "id_recorrido": 6, "id_origen": 1, "id_suc_despacho": 1, "id_vehiculo": 3}}, {"model": "recorridos.despacho", "pk": 15, "fields": {"id_conductor": 4, "id_auxiliar": 2, "id_planilla": 8, "variante": 2, "hora_asignacion": "2022-01-04T14:10:47.142Z", "fecha_despacho": "2022-01-04", "hora_salida": "11:50:00", "hora_llegada": null, "id_usuario": 2, "id_destino": 3, "id_recorrido": 6, "id_origen": 1, "id_suc_despacho": 1, "id_vehiculo": 3}}, {"model": "recorridos.despacho", "pk": 16, "fields": {"id_conductor": 4, "id_auxiliar": 2, "id_planilla": 9, "variante": 1, "hora_asignacion": "2022-01-04T14:12:39.870Z", "fecha_despacho": "2022-01-04", "hora_salida": "12:00:00", "hora_llegada": null, "id_usuario": 2, "id_destino": 2, "id_recorrido": 1, "id_origen": 1, "id_suc_despacho": 1, "id_vehiculo": 4}}, {"model": "recorridos.despacho", "pk": 17, "fields": {"id_conductor": 4, "id_auxiliar": 2, "id_planilla": 9, "variante": 2, "hora_asignacion": "2022-01-04T14:54:18.187Z", "fecha_despacho": "2022-01-04", "hora_salida": "14:30:00", "hora_llegada": null, "id_usuario": 2, "id_destino": 2, "id_recorrido": 1, "id_origen": 1, "id_suc_despacho": 1, "id_vehiculo": 4}}, {"model": "recorridos.despacho", "pk": 18, "fields": {"id_conductor": 4, "id_auxiliar": 2, "id_planilla": 9, "variante": 1, "hora_asignacion": "2022-01-04T14:56:30.259Z", "fecha_despacho": "2022-01-04", "hora_salida": "15:50:00", "hora_llegada": null, "id_usuario": 2, "id_destino": 2, "id_recorrido": 1, "id_origen": 1, "id_suc_despacho": 1, "id_vehiculo": 4}}, {"model": "recorridos.despacho", "pk": 19, "fields": {"id_conductor": 4, "id_auxiliar": 2, "id_planilla": 8, "variante": 1, "hora_asignacion": "2022-01-04T15:03:53.322Z", "fecha_despacho": "2022-01-04", "hora_salida": "14:30:00", "hora_llegada": null, "id_usuario": 2, "id_destino": 3, "id_recorrido": 6, "id_origen": 1, "id_suc_despacho": 1, "id_vehiculo": 3}}, {"model": "recorridos.despacho", "pk": 20, "fields": {"id_conductor": 3, "id_auxiliar": 2, "id_planilla": 10, "variante": 1, "hora_asignacion": "2022-01-06T14:22:00.389Z", "fecha_despacho": "2022-01-06", "hora_salida": "08:00:00", "hora_llegada": null, "id_usuario": 2, "id_destino": 3, "id_recorrido": 6, "id_origen": 1, "id_suc_despacho": 1, "id_vehiculo": 3}}, {"model": "recorridos.despacho", "pk": 21, "fields": {"id_conductor": 3, "id_auxiliar": 2, "id_planilla": 10, "variante": 2, "hora_asignacion": "2022-01-06T16:10:53.070Z", "fecha_despacho": "2022-01-06", "hora_salida": "10:10:00", "hora_llegada": null, "id_usuario": 2, "id_destino": 3, "id_recorrido": 6, "id_origen": 1, "id_suc_despacho": 1, "id_vehiculo": 3}}, {"model": "recorridos.despacho", "pk": 22, "fields": {"id_conductor": 2, "id_auxiliar": 1, "id_planilla": 11, "variante": 1, "hora_asignacion": "2022-01-06T16:11:20.156Z", "fecha_despacho": "2022-01-06", "hora_salida": "08:10:00", "hora_llegada": null, "id_usuario": 2, "id_destino": 2, "id_recorrido": 1, "id_origen": 1, "id_suc_despacho": 1, "id_vehiculo": 2}}, {"model": "recorridos.despacho", "pk": 23, "fields": {"id_conductor": 4, "id_auxiliar": 2, "id_planilla": 12, "variante": 1, "hora_asignacion": "2022-01-06T16:11:41.163Z", "fecha_despacho": "2022-01-06", "hora_salida": "08:15:00", "hora_llegada": null, "id_usuario": 2, "id_destino": 3, "id_recorrido": 6, "id_origen": 1, "id_suc_despacho": 1, "id_vehiculo": 4}}, {"model": "recorridos.despacho", "pk": 27, "fields": {"id_conductor": 4, "id_auxiliar": null, "id_planilla": 11, "variante": 2, "hora_asignacion": "2022-01-06T16:39:04.126Z", "fecha_despacho": "2022-01-06", "hora_salida": "11:31:00", "hora_llegada": null, "id_usuario": 2, "id_destino": 2, "id_recorrido": 1, "id_origen": 1, "id_suc_despacho": 1, "id_vehiculo": 2}}]